-- =====================================================================
--  AURA PRINTS & GIFTS — Supabase Seed SQL
--  Generated from local DB state
--  Run this in Supabase SQL Editor
-- =====================================================================

-- ─── Schema migrations (idempotent) ─────────────────────────────────
ALTER TABLE ecommerce.products ADD COLUMN IF NOT EXISTS sku VARCHAR(100);
CREATE UNIQUE INDEX IF NOT EXISTS idx_products_sku ON ecommerce.products (sku) WHERE sku IS NOT NULL;
ALTER TABLE ecommerce.offers ADD COLUMN IF NOT EXISTS promotion_group VARCHAR(100);
CREATE INDEX IF NOT EXISTS idx_offers_promo_group ON ecommerce.offers (promotion_group) WHERE promotion_group IS NOT NULL;

-- ─── Products (107 rows) ────────────────────────────────────────────
-- Uses ON CONFLICT (sku) DO UPDATE for idempotency

INSERT INTO ecommerce.products (name, description, price, category, badge, image_url, out_of_stock, available_count, mrp, rating, review_count, images, features, specs, reviews, style_id, hex, sku, created_at) VALUES ('Circle Fridge Magnet — 44mm', 'Metal magnet, 44mm circle', 45.00, 'magnet', NULL, NULL, false, 100, NULL, 4.50, 0, NULL, NULL, NULL, NULL, NULL, NULL, 'AMM-C-44', NOW()) ON CONFLICT (sku) DO UPDATE SET name=EXCLUDED.name, description=EXCLUDED.description, price=EXCLUDED.price, category=EXCLUDED.category, badge=EXCLUDED.badge, specs=EXCLUDED.specs, style_id=EXCLUDED.style_id, available_count=EXCLUDED.available_count;
INSERT INTO ecommerce.products (name, description, price, category, badge, image_url, out_of_stock, available_count, mrp, rating, review_count, images, features, specs, reviews, style_id, hex, sku, created_at) VALUES ('Circle Fridge Magnet — 58mm', 'Metal magnet, 58mm circle', 45.00, 'magnet', NULL, NULL, false, 100, NULL, 4.50, 0, NULL, NULL, NULL, NULL, NULL, NULL, 'AMM-C-58', NOW()) ON CONFLICT (sku) DO UPDATE SET name=EXCLUDED.name, description=EXCLUDED.description, price=EXCLUDED.price, category=EXCLUDED.category, badge=EXCLUDED.badge, specs=EXCLUDED.specs, style_id=EXCLUDED.style_id, available_count=EXCLUDED.available_count;
INSERT INTO ecommerce.products (name, description, price, category, badge, image_url, out_of_stock, available_count, mrp, rating, review_count, images, features, specs, reviews, style_id, hex, sku, created_at) VALUES ('Circle Fridge Magnet — 75mm', 'Metal magnet, 75mm circle', 89.00, 'magnet', NULL, NULL, false, 100, NULL, 4.50, 0, NULL, NULL, NULL, NULL, NULL, NULL, 'AMM-C-75', NOW()) ON CONFLICT (sku) DO UPDATE SET name=EXCLUDED.name, description=EXCLUDED.description, price=EXCLUDED.price, category=EXCLUDED.category, badge=EXCLUDED.badge, specs=EXCLUDED.specs, style_id=EXCLUDED.style_id, available_count=EXCLUDED.available_count;
INSERT INTO ecommerce.products (name, description, price, category, badge, image_url, out_of_stock, available_count, mrp, rating, review_count, images, features, specs, reviews, style_id, hex, sku, created_at) VALUES ('Square Fridge Magnet — 50x50mm', 'Metal magnet, 50x50mm square', 50.00, 'magnet', NULL, NULL, false, 100, NULL, 4.50, 0, NULL, NULL, NULL, NULL, NULL, NULL, 'AMM-S-50', NOW()) ON CONFLICT (sku) DO UPDATE SET name=EXCLUDED.name, description=EXCLUDED.description, price=EXCLUDED.price, category=EXCLUDED.category, badge=EXCLUDED.badge, specs=EXCLUDED.specs, style_id=EXCLUDED.style_id, available_count=EXCLUDED.available_count;
INSERT INTO ecommerce.products (name, description, price, category, badge, image_url, out_of_stock, available_count, mrp, rating, review_count, images, features, specs, reviews, style_id, hex, sku, created_at) VALUES ('Square Acrylic Photo Magnet — 2.5x2.5in', 'Acrylic magnet, 2.5x2.5in square', 40.00, 'magnet', NULL, NULL, false, 100, NULL, 4.50, 0, NULL, NULL, NULL, NULL, NULL, NULL, 'AAM-2.5', NOW()) ON CONFLICT (sku) DO UPDATE SET name=EXCLUDED.name, description=EXCLUDED.description, price=EXCLUDED.price, category=EXCLUDED.category, badge=EXCLUDED.badge, specs=EXCLUDED.specs, style_id=EXCLUDED.style_id, available_count=EXCLUDED.available_count;
INSERT INTO ecommerce.products (name, description, price, category, badge, image_url, out_of_stock, available_count, mrp, rating, review_count, images, features, specs, reviews, style_id, hex, sku, created_at) VALUES ('Square Acrylic Photo Magnet — 4x3in', 'Acrylic magnet, 4x3in square', 60.00, 'magnet', NULL, NULL, false, 100, NULL, 4.50, 0, NULL, NULL, NULL, NULL, NULL, NULL, 'AAM-4x3', NOW()) ON CONFLICT (sku) DO UPDATE SET name=EXCLUDED.name, description=EXCLUDED.description, price=EXCLUDED.price, category=EXCLUDED.category, badge=EXCLUDED.badge, specs=EXCLUDED.specs, style_id=EXCLUDED.style_id, available_count=EXCLUDED.available_count;
INSERT INTO ecommerce.products (name, description, price, category, badge, image_url, out_of_stock, available_count, mrp, rating, review_count, images, features, specs, reviews, style_id, hex, sku, created_at) VALUES ('Square Acrylic Photo Magnet — 2.5x6in', 'Acrylic magnet, 2.5x6in square', 99.00, 'magnet', NULL, NULL, false, 100, NULL, 4.50, 0, NULL, NULL, NULL, NULL, NULL, NULL, 'AAM-2.5x6', NOW()) ON CONFLICT (sku) DO UPDATE SET name=EXCLUDED.name, description=EXCLUDED.description, price=EXCLUDED.price, category=EXCLUDED.category, badge=EXCLUDED.badge, specs=EXCLUDED.specs, style_id=EXCLUDED.style_id, available_count=EXCLUDED.available_count;
INSERT INTO ecommerce.products (name, description, price, category, badge, image_url, out_of_stock, available_count, mrp, rating, review_count, images, features, specs, reviews, style_id, hex, sku, created_at) VALUES ('Square Acrylic Photo Magnet — 4x6in', 'Acrylic magnet, 4x6in square', 199.00, 'magnet', NULL, NULL, false, 100, NULL, 4.50, 0, NULL, NULL, NULL, NULL, NULL, NULL, 'AAM-SL', NOW()) ON CONFLICT (sku) DO UPDATE SET name=EXCLUDED.name, description=EXCLUDED.description, price=EXCLUDED.price, category=EXCLUDED.category, badge=EXCLUDED.badge, specs=EXCLUDED.specs, style_id=EXCLUDED.style_id, available_count=EXCLUDED.available_count;
INSERT INTO ecommerce.products (name, description, price, category, badge, image_url, out_of_stock, available_count, mrp, rating, review_count, images, features, specs, reviews, style_id, hex, sku, created_at) VALUES ('Heart Shaped Acrylic Photo Magnet', 'Acrylic magnet, heart shaped', 129.00, 'magnet', NULL, NULL, false, 100, NULL, 4.50, 0, NULL, NULL, NULL, NULL, NULL, NULL, 'AAM-H', NOW()) ON CONFLICT (sku) DO UPDATE SET name=EXCLUDED.name, description=EXCLUDED.description, price=EXCLUDED.price, category=EXCLUDED.category, badge=EXCLUDED.badge, specs=EXCLUDED.specs, style_id=EXCLUDED.style_id, available_count=EXCLUDED.available_count;
INSERT INTO ecommerce.products (name, description, price, category, badge, image_url, out_of_stock, available_count, mrp, rating, review_count, images, features, specs, reviews, style_id, hex, sku, created_at) VALUES ('Circle Shaped Acrylic Photo Magnet', 'Acrylic magnet, circle shaped', 129.00, 'magnet', NULL, NULL, false, 100, NULL, 4.50, 0, NULL, NULL, NULL, NULL, NULL, NULL, 'AAM-C', NOW()) ON CONFLICT (sku) DO UPDATE SET name=EXCLUDED.name, description=EXCLUDED.description, price=EXCLUDED.price, category=EXCLUDED.category, badge=EXCLUDED.badge, specs=EXCLUDED.specs, style_id=EXCLUDED.style_id, available_count=EXCLUDED.available_count;
INSERT INTO ecommerce.products (name, description, price, category, badge, image_url, out_of_stock, available_count, mrp, rating, review_count, images, features, specs, reviews, style_id, hex, sku, created_at) VALUES ('Pentagon Shaped Acrylic Photo Magnet', 'Acrylic magnet, pentagon shaped', 129.00, 'magnet', NULL, NULL, false, 100, NULL, 4.50, 0, NULL, NULL, NULL, NULL, NULL, NULL, 'AAM-P', NOW()) ON CONFLICT (sku) DO UPDATE SET name=EXCLUDED.name, description=EXCLUDED.description, price=EXCLUDED.price, category=EXCLUDED.category, badge=EXCLUDED.badge, specs=EXCLUDED.specs, style_id=EXCLUDED.style_id, available_count=EXCLUDED.available_count;
INSERT INTO ecommerce.products (name, description, price, category, badge, image_url, out_of_stock, available_count, mrp, rating, review_count, images, features, specs, reviews, style_id, hex, sku, created_at) VALUES ('Customised Sheet Photo Magnet — 2.5x2.5in', 'Sheet magnet, 2.5x2.5in', 30.00, 'magnet', NULL, NULL, false, 100, NULL, 4.50, 0, NULL, NULL, NULL, NULL, NULL, NULL, 'ACM-2.5', NOW()) ON CONFLICT (sku) DO UPDATE SET name=EXCLUDED.name, description=EXCLUDED.description, price=EXCLUDED.price, category=EXCLUDED.category, badge=EXCLUDED.badge, specs=EXCLUDED.specs, style_id=EXCLUDED.style_id, available_count=EXCLUDED.available_count;
INSERT INTO ecommerce.products (name, description, price, category, badge, image_url, out_of_stock, available_count, mrp, rating, review_count, images, features, specs, reviews, style_id, hex, sku, created_at) VALUES ('Customised Sheet Photo Magnet — 5x5in', 'Sheet magnet, 5x5in', 50.00, 'magnet', NULL, NULL, false, 100, NULL, 4.50, 0, NULL, NULL, NULL, NULL, NULL, NULL, 'ACM-5', NOW()) ON CONFLICT (sku) DO UPDATE SET name=EXCLUDED.name, description=EXCLUDED.description, price=EXCLUDED.price, category=EXCLUDED.category, badge=EXCLUDED.badge, specs=EXCLUDED.specs, style_id=EXCLUDED.style_id, available_count=EXCLUDED.available_count;
INSERT INTO ecommerce.products (name, description, price, category, badge, image_url, out_of_stock, available_count, mrp, rating, review_count, images, features, specs, reviews, style_id, hex, sku, created_at) VALUES ('Customised Sheet Photo Magnet — 4x3in', 'Sheet magnet, 4x3in', 45.00, 'magnet', NULL, NULL, false, 100, NULL, 4.50, 0, NULL, NULL, NULL, NULL, NULL, NULL, 'ACM-4x3', NOW()) ON CONFLICT (sku) DO UPDATE SET name=EXCLUDED.name, description=EXCLUDED.description, price=EXCLUDED.price, category=EXCLUDED.category, badge=EXCLUDED.badge, specs=EXCLUDED.specs, style_id=EXCLUDED.style_id, available_count=EXCLUDED.available_count;
INSERT INTO ecommerce.products (name, description, price, category, badge, image_url, out_of_stock, available_count, mrp, rating, review_count, images, features, specs, reviews, style_id, hex, sku, created_at) VALUES ('Customised Sheet Photo Magnet — 2.5x6in', 'Sheet magnet, 2.5x6in', 60.00, 'magnet', NULL, NULL, false, 100, NULL, 4.50, 0, NULL, NULL, NULL, NULL, NULL, NULL, 'ACM-2.5x6', NOW()) ON CONFLICT (sku) DO UPDATE SET name=EXCLUDED.name, description=EXCLUDED.description, price=EXCLUDED.price, category=EXCLUDED.category, badge=EXCLUDED.badge, specs=EXCLUDED.specs, style_id=EXCLUDED.style_id, available_count=EXCLUDED.available_count;
INSERT INTO ecommerce.products (name, description, price, category, badge, image_url, out_of_stock, available_count, mrp, rating, review_count, images, features, specs, reviews, style_id, hex, sku, created_at) VALUES ('Circle Metal Keychain — 44mm', 'Metal keychain, 44mm circle', 50.00, 'keychain', NULL, NULL, false, 100, NULL, 4.50, 0, NULL, NULL, NULL, NULL, NULL, NULL, 'AMK-C-44', NOW()) ON CONFLICT (sku) DO UPDATE SET name=EXCLUDED.name, description=EXCLUDED.description, price=EXCLUDED.price, category=EXCLUDED.category, badge=EXCLUDED.badge, specs=EXCLUDED.specs, style_id=EXCLUDED.style_id, available_count=EXCLUDED.available_count;
INSERT INTO ecommerce.products (name, description, price, category, badge, image_url, out_of_stock, available_count, mrp, rating, review_count, images, features, specs, reviews, style_id, hex, sku, created_at) VALUES ('Circle Metal Keychain — 58mm', 'Metal keychain, 58mm circle', 60.00, 'keychain', NULL, NULL, false, 100, NULL, 4.50, 0, NULL, NULL, NULL, NULL, NULL, NULL, 'AMK-C-58', NOW()) ON CONFLICT (sku) DO UPDATE SET name=EXCLUDED.name, description=EXCLUDED.description, price=EXCLUDED.price, category=EXCLUDED.category, badge=EXCLUDED.badge, specs=EXCLUDED.specs, style_id=EXCLUDED.style_id, available_count=EXCLUDED.available_count;
INSERT INTO ecommerce.products (name, description, price, category, badge, image_url, out_of_stock, available_count, mrp, rating, review_count, images, features, specs, reviews, style_id, hex, sku, created_at) VALUES ('Circle Metal Keychain — 75mm', 'Metal keychain, 75mm circle', 95.00, 'keychain', NULL, NULL, false, 100, NULL, 4.50, 0, NULL, NULL, NULL, NULL, NULL, NULL, 'AMK-C-75', NOW()) ON CONFLICT (sku) DO UPDATE SET name=EXCLUDED.name, description=EXCLUDED.description, price=EXCLUDED.price, category=EXCLUDED.category, badge=EXCLUDED.badge, specs=EXCLUDED.specs, style_id=EXCLUDED.style_id, available_count=EXCLUDED.available_count;
INSERT INTO ecommerce.products (name, description, price, category, badge, image_url, out_of_stock, available_count, mrp, rating, review_count, images, features, specs, reviews, style_id, hex, sku, created_at) VALUES ('Mirror Keychain', 'Mirror keychain', 70.00, 'keychain', NULL, NULL, false, 100, NULL, 4.50, 0, NULL, NULL, NULL, NULL, NULL, NULL, 'AMiKe', NOW()) ON CONFLICT (sku) DO UPDATE SET name=EXCLUDED.name, description=EXCLUDED.description, price=EXCLUDED.price, category=EXCLUDED.category, badge=EXCLUDED.badge, specs=EXCLUDED.specs, style_id=EXCLUDED.style_id, available_count=EXCLUDED.available_count;
INSERT INTO ecommerce.products (name, description, price, category, badge, image_url, out_of_stock, available_count, mrp, rating, review_count, images, features, specs, reviews, style_id, hex, sku, created_at) VALUES ('Bottle Opener', 'Bottle opener keychain', 100.00, 'keychain', NULL, NULL, false, 100, NULL, 4.50, 0, NULL, NULL, NULL, NULL, NULL, NULL, 'ABO', NOW()) ON CONFLICT (sku) DO UPDATE SET name=EXCLUDED.name, description=EXCLUDED.description, price=EXCLUDED.price, category=EXCLUDED.category, badge=EXCLUDED.badge, specs=EXCLUDED.specs, style_id=EXCLUDED.style_id, available_count=EXCLUDED.available_count;
INSERT INTO ecommerce.products (name, description, price, category, badge, image_url, out_of_stock, available_count, mrp, rating, review_count, images, features, specs, reviews, style_id, hex, sku, created_at) VALUES ('A5 Size Poster', 'A5 size poster', 20.00, 'poster', NULL, NULL, false, 100, NULL, 4.50, 0, NULL, NULL, NULL, NULL, NULL, NULL, 'APR-A5', NOW()) ON CONFLICT (sku) DO UPDATE SET name=EXCLUDED.name, description=EXCLUDED.description, price=EXCLUDED.price, category=EXCLUDED.category, badge=EXCLUDED.badge, specs=EXCLUDED.specs, style_id=EXCLUDED.style_id, available_count=EXCLUDED.available_count;
INSERT INTO ecommerce.products (name, description, price, category, badge, image_url, out_of_stock, available_count, mrp, rating, review_count, images, features, specs, reviews, style_id, hex, sku, created_at) VALUES ('A4 Size Poster', 'A4 size poster', 30.00, 'poster', NULL, NULL, false, 100, NULL, 4.50, 0, NULL, NULL, NULL, NULL, NULL, NULL, 'APR-A4', NOW()) ON CONFLICT (sku) DO UPDATE SET name=EXCLUDED.name, description=EXCLUDED.description, price=EXCLUDED.price, category=EXCLUDED.category, badge=EXCLUDED.badge, specs=EXCLUDED.specs, style_id=EXCLUDED.style_id, available_count=EXCLUDED.available_count;
INSERT INTO ecommerce.products (name, description, price, category, badge, image_url, out_of_stock, available_count, mrp, rating, review_count, images, features, specs, reviews, style_id, hex, sku, created_at) VALUES ('A3 Size Poster', 'A3 size poster', 60.00, 'poster', NULL, NULL, false, 100, NULL, 4.50, 0, NULL, NULL, NULL, NULL, NULL, NULL, 'APR-A3', NOW()) ON CONFLICT (sku) DO UPDATE SET name=EXCLUDED.name, description=EXCLUDED.description, price=EXCLUDED.price, category=EXCLUDED.category, badge=EXCLUDED.badge, specs=EXCLUDED.specs, style_id=EXCLUDED.style_id, available_count=EXCLUDED.available_count;
INSERT INTO ecommerce.products (name, description, price, category, badge, image_url, out_of_stock, available_count, mrp, rating, review_count, images, features, specs, reviews, style_id, hex, sku, created_at) VALUES ('A3+ Size Poster', 'A3+ size poster', 70.00, 'poster', NULL, NULL, false, 100, NULL, 4.50, 0, NULL, NULL, NULL, NULL, NULL, NULL, 'APR-A3+', NOW()) ON CONFLICT (sku) DO UPDATE SET name=EXCLUDED.name, description=EXCLUDED.description, price=EXCLUDED.price, category=EXCLUDED.category, badge=EXCLUDED.badge, specs=EXCLUDED.specs, style_id=EXCLUDED.style_id, available_count=EXCLUDED.available_count;
INSERT INTO ecommerce.products (name, description, price, category, badge, image_url, out_of_stock, available_count, mrp, rating, review_count, images, features, specs, reviews, style_id, hex, sku, created_at) VALUES ('4x6 Size Poster (Maxi)', '4x6 size poster', 15.00, 'poster', NULL, NULL, false, 100, NULL, 4.50, 0, NULL, NULL, NULL, NULL, NULL, NULL, 'APR-MAXI', NOW()) ON CONFLICT (sku) DO UPDATE SET name=EXCLUDED.name, description=EXCLUDED.description, price=EXCLUDED.price, category=EXCLUDED.category, badge=EXCLUDED.badge, specs=EXCLUDED.specs, style_id=EXCLUDED.style_id, available_count=EXCLUDED.available_count;
INSERT INTO ecommerce.products (name, description, price, category, badge, image_url, out_of_stock, available_count, mrp, rating, review_count, images, features, specs, reviews, style_id, hex, sku, created_at) VALUES ('A4 2-Split Poster', 'A4 sized 2 split poster', 79.00, 'poster', NULL, NULL, false, 100, NULL, 4.50, 0, NULL, NULL, NULL, NULL, NULL, NULL, 'APR-A4-2', NOW()) ON CONFLICT (sku) DO UPDATE SET name=EXCLUDED.name, description=EXCLUDED.description, price=EXCLUDED.price, category=EXCLUDED.category, badge=EXCLUDED.badge, specs=EXCLUDED.specs, style_id=EXCLUDED.style_id, available_count=EXCLUDED.available_count;
INSERT INTO ecommerce.products (name, description, price, category, badge, image_url, out_of_stock, available_count, mrp, rating, review_count, images, features, specs, reviews, style_id, hex, sku, created_at) VALUES ('A4 3-Split Poster', 'A4 sized 3 split poster', 119.00, 'poster', NULL, NULL, false, 100, NULL, 4.50, 0, NULL, NULL, NULL, NULL, NULL, NULL, 'APR-A4-3', NOW()) ON CONFLICT (sku) DO UPDATE SET name=EXCLUDED.name, description=EXCLUDED.description, price=EXCLUDED.price, category=EXCLUDED.category, badge=EXCLUDED.badge, specs=EXCLUDED.specs, style_id=EXCLUDED.style_id, available_count=EXCLUDED.available_count;
INSERT INTO ecommerce.products (name, description, price, category, badge, image_url, out_of_stock, available_count, mrp, rating, review_count, images, features, specs, reviews, style_id, hex, sku, created_at) VALUES ('A4 4-Split Poster', 'A4 sized 4 split poster', 149.00, 'poster', NULL, NULL, false, 100, NULL, 4.50, 0, NULL, NULL, NULL, NULL, NULL, NULL, 'APR-A4-4', NOW()) ON CONFLICT (sku) DO UPDATE SET name=EXCLUDED.name, description=EXCLUDED.description, price=EXCLUDED.price, category=EXCLUDED.category, badge=EXCLUDED.badge, specs=EXCLUDED.specs, style_id=EXCLUDED.style_id, available_count=EXCLUDED.available_count;
INSERT INTO ecommerce.products (name, description, price, category, badge, image_url, out_of_stock, available_count, mrp, rating, review_count, images, features, specs, reviews, style_id, hex, sku, created_at) VALUES ('A3 2-Split Poster', 'A3 sized 2 split poster', 129.00, 'poster', NULL, NULL, false, 100, NULL, 4.50, 0, NULL, NULL, NULL, NULL, NULL, NULL, 'APR-A3-2', NOW()) ON CONFLICT (sku) DO UPDATE SET name=EXCLUDED.name, description=EXCLUDED.description, price=EXCLUDED.price, category=EXCLUDED.category, badge=EXCLUDED.badge, specs=EXCLUDED.specs, style_id=EXCLUDED.style_id, available_count=EXCLUDED.available_count;
INSERT INTO ecommerce.products (name, description, price, category, badge, image_url, out_of_stock, available_count, mrp, rating, review_count, images, features, specs, reviews, style_id, hex, sku, created_at) VALUES ('A3 3-Split Poster', 'A3 sized 3 split poster', 199.00, 'poster', NULL, NULL, false, 100, NULL, 4.50, 0, NULL, NULL, NULL, NULL, NULL, NULL, 'APR-A3-3', NOW()) ON CONFLICT (sku) DO UPDATE SET name=EXCLUDED.name, description=EXCLUDED.description, price=EXCLUDED.price, category=EXCLUDED.category, badge=EXCLUDED.badge, specs=EXCLUDED.specs, style_id=EXCLUDED.style_id, available_count=EXCLUDED.available_count;
INSERT INTO ecommerce.products (name, description, price, category, badge, image_url, out_of_stock, available_count, mrp, rating, review_count, images, features, specs, reviews, style_id, hex, sku, created_at) VALUES ('A3 4-Split Poster', 'A3 sized 4 split poster', 269.00, 'poster', NULL, NULL, false, 100, NULL, 4.50, 0, NULL, NULL, NULL, NULL, NULL, NULL, 'APR-A3-4', NOW()) ON CONFLICT (sku) DO UPDATE SET name=EXCLUDED.name, description=EXCLUDED.description, price=EXCLUDED.price, category=EXCLUDED.category, badge=EXCLUDED.badge, specs=EXCLUDED.specs, style_id=EXCLUDED.style_id, available_count=EXCLUDED.available_count;
INSERT INTO ecommerce.products (name, description, price, category, badge, image_url, out_of_stock, available_count, mrp, rating, review_count, images, features, specs, reviews, style_id, hex, sku, created_at) VALUES ('A3+ 2-Split Poster', 'A3+ sized 2 split poster', 159.00, 'poster', NULL, NULL, false, 100, NULL, 4.50, 0, NULL, NULL, NULL, NULL, NULL, NULL, 'APR-A3+2', NOW()) ON CONFLICT (sku) DO UPDATE SET name=EXCLUDED.name, description=EXCLUDED.description, price=EXCLUDED.price, category=EXCLUDED.category, badge=EXCLUDED.badge, specs=EXCLUDED.specs, style_id=EXCLUDED.style_id, available_count=EXCLUDED.available_count;
INSERT INTO ecommerce.products (name, description, price, category, badge, image_url, out_of_stock, available_count, mrp, rating, review_count, images, features, specs, reviews, style_id, hex, sku, created_at) VALUES ('A3+ 3-Split Poster', 'A3+ sized 3 split poster', 229.00, 'poster', NULL, NULL, false, 100, NULL, 4.50, 0, NULL, NULL, NULL, NULL, NULL, NULL, 'APR-A3+3', NOW()) ON CONFLICT (sku) DO UPDATE SET name=EXCLUDED.name, description=EXCLUDED.description, price=EXCLUDED.price, category=EXCLUDED.category, badge=EXCLUDED.badge, specs=EXCLUDED.specs, style_id=EXCLUDED.style_id, available_count=EXCLUDED.available_count;
INSERT INTO ecommerce.products (name, description, price, category, badge, image_url, out_of_stock, available_count, mrp, rating, review_count, images, features, specs, reviews, style_id, hex, sku, created_at) VALUES ('A3+ 4-Split Poster', 'A3+ sized 4 split poster', 339.00, 'poster', NULL, NULL, false, 100, NULL, 4.50, 0, NULL, NULL, NULL, NULL, NULL, NULL, 'APR-A3+4', NOW()) ON CONFLICT (sku) DO UPDATE SET name=EXCLUDED.name, description=EXCLUDED.description, price=EXCLUDED.price, category=EXCLUDED.category, badge=EXCLUDED.badge, specs=EXCLUDED.specs, style_id=EXCLUDED.style_id, available_count=EXCLUDED.available_count;
INSERT INTO ecommerce.products (name, description, price, category, badge, image_url, out_of_stock, available_count, mrp, rating, review_count, images, features, specs, reviews, style_id, hex, sku, created_at) VALUES ('Borderless Mini Polaroid', 'Borderless mini polaroid', 5.00, 'polaroid', NULL, NULL, false, 100, NULL, 4.50, 0, NULL, NULL, NULL, NULL, NULL, NULL, 'APD-M-bl', NOW()) ON CONFLICT (sku) DO UPDATE SET name=EXCLUDED.name, description=EXCLUDED.description, price=EXCLUDED.price, category=EXCLUDED.category, badge=EXCLUDED.badge, specs=EXCLUDED.specs, style_id=EXCLUDED.style_id, available_count=EXCLUDED.available_count;
INSERT INTO ecommerce.products (name, description, price, category, badge, image_url, out_of_stock, available_count, mrp, rating, review_count, images, features, specs, reviews, style_id, hex, sku, created_at) VALUES ('Bordered Mini Polaroid', 'Bordered mini polaroid', 5.00, 'polaroid', NULL, NULL, false, 100, NULL, 4.50, 0, NULL, NULL, NULL, NULL, NULL, NULL, 'APD-M-b', NOW()) ON CONFLICT (sku) DO UPDATE SET name=EXCLUDED.name, description=EXCLUDED.description, price=EXCLUDED.price, category=EXCLUDED.category, badge=EXCLUDED.badge, specs=EXCLUDED.specs, style_id=EXCLUDED.style_id, available_count=EXCLUDED.available_count;
INSERT INTO ecommerce.products (name, description, price, category, badge, image_url, out_of_stock, available_count, mrp, rating, review_count, images, features, specs, reviews, style_id, hex, sku, created_at) VALUES ('Retro Type Mini Polaroid', 'Retro type mini polaroid', 5.00, 'polaroid', NULL, NULL, false, 100, NULL, 4.50, 0, NULL, NULL, NULL, NULL, NULL, NULL, 'APD-M-r', NOW()) ON CONFLICT (sku) DO UPDATE SET name=EXCLUDED.name, description=EXCLUDED.description, price=EXCLUDED.price, category=EXCLUDED.category, badge=EXCLUDED.badge, specs=EXCLUDED.specs, style_id=EXCLUDED.style_id, available_count=EXCLUDED.available_count;
INSERT INTO ecommerce.products (name, description, price, category, badge, image_url, out_of_stock, available_count, mrp, rating, review_count, images, features, specs, reviews, style_id, hex, sku, created_at) VALUES ('3/4 Polaroid Mini', '3/4 polaroid mini', 5.00, 'polaroid', NULL, NULL, false, 100, NULL, 4.50, 0, NULL, NULL, NULL, NULL, NULL, NULL, 'APD-M-3/4', NOW()) ON CONFLICT (sku) DO UPDATE SET name=EXCLUDED.name, description=EXCLUDED.description, price=EXCLUDED.price, category=EXCLUDED.category, badge=EXCLUDED.badge, specs=EXCLUDED.specs, style_id=EXCLUDED.style_id, available_count=EXCLUDED.available_count;
INSERT INTO ecommerce.products (name, description, price, category, badge, image_url, out_of_stock, available_count, mrp, rating, review_count, images, features, specs, reviews, style_id, hex, sku, created_at) VALUES ('Borderless Normal Polaroid', 'Borderless normal polaroid', 15.00, 'polaroid', NULL, NULL, false, 100, NULL, 4.50, 0, NULL, NULL, NULL, NULL, NULL, NULL, 'APD-N-bl', NOW()) ON CONFLICT (sku) DO UPDATE SET name=EXCLUDED.name, description=EXCLUDED.description, price=EXCLUDED.price, category=EXCLUDED.category, badge=EXCLUDED.badge, specs=EXCLUDED.specs, style_id=EXCLUDED.style_id, available_count=EXCLUDED.available_count;
INSERT INTO ecommerce.products (name, description, price, category, badge, image_url, out_of_stock, available_count, mrp, rating, review_count, images, features, specs, reviews, style_id, hex, sku, created_at) VALUES ('Bordered Normal Polaroid', 'Bordered normal polaroid', 15.00, 'polaroid', NULL, NULL, false, 100, NULL, 4.50, 0, NULL, NULL, NULL, NULL, NULL, NULL, 'APD-N-b', NOW()) ON CONFLICT (sku) DO UPDATE SET name=EXCLUDED.name, description=EXCLUDED.description, price=EXCLUDED.price, category=EXCLUDED.category, badge=EXCLUDED.badge, specs=EXCLUDED.specs, style_id=EXCLUDED.style_id, available_count=EXCLUDED.available_count;
INSERT INTO ecommerce.products (name, description, price, category, badge, image_url, out_of_stock, available_count, mrp, rating, review_count, images, features, specs, reviews, style_id, hex, sku, created_at) VALUES ('Retro Type Normal Polaroid', 'Retro type normal polaroid', 15.00, 'polaroid', NULL, NULL, false, 100, NULL, 4.50, 0, NULL, NULL, NULL, NULL, NULL, NULL, 'APD-N-r', NOW()) ON CONFLICT (sku) DO UPDATE SET name=EXCLUDED.name, description=EXCLUDED.description, price=EXCLUDED.price, category=EXCLUDED.category, badge=EXCLUDED.badge, specs=EXCLUDED.specs, style_id=EXCLUDED.style_id, available_count=EXCLUDED.available_count;
INSERT INTO ecommerce.products (name, description, price, category, badge, image_url, out_of_stock, available_count, mrp, rating, review_count, images, features, specs, reviews, style_id, hex, sku, created_at) VALUES ('3/4 Polaroid Normal', '3/4 polaroid normal', 15.00, 'polaroid', NULL, NULL, false, 100, NULL, 4.50, 0, NULL, NULL, NULL, NULL, NULL, NULL, 'APD-N-3/4', NOW()) ON CONFLICT (sku) DO UPDATE SET name=EXCLUDED.name, description=EXCLUDED.description, price=EXCLUDED.price, category=EXCLUDED.category, badge=EXCLUDED.badge, specs=EXCLUDED.specs, style_id=EXCLUDED.style_id, available_count=EXCLUDED.available_count;
INSERT INTO ecommerce.products (name, description, price, category, badge, image_url, out_of_stock, available_count, mrp, rating, review_count, images, features, specs, reviews, style_id, hex, sku, created_at) VALUES ('Film Strip Polaroid', 'Film strip polaroid', 75.00, 'polaroid', NULL, NULL, false, 100, NULL, 4.50, 0, NULL, NULL, NULL, NULL, NULL, NULL, 'APD-N-fs', NOW()) ON CONFLICT (sku) DO UPDATE SET name=EXCLUDED.name, description=EXCLUDED.description, price=EXCLUDED.price, category=EXCLUDED.category, badge=EXCLUDED.badge, specs=EXCLUDED.specs, style_id=EXCLUDED.style_id, available_count=EXCLUDED.available_count;
INSERT INTO ecommerce.products (name, description, price, category, badge, image_url, out_of_stock, available_count, mrp, rating, review_count, images, features, specs, reviews, style_id, hex, sku, created_at) VALUES ('Bordered Custom Color Mini Polaroid', 'Bordered with custom color mini', 7.00, 'polaroid', NULL, NULL, false, 100, NULL, 4.50, 0, NULL, NULL, NULL, NULL, NULL, NULL, 'APD-M-b-color', NOW()) ON CONFLICT (sku) DO UPDATE SET name=EXCLUDED.name, description=EXCLUDED.description, price=EXCLUDED.price, category=EXCLUDED.category, badge=EXCLUDED.badge, specs=EXCLUDED.specs, style_id=EXCLUDED.style_id, available_count=EXCLUDED.available_count;
INSERT INTO ecommerce.products (name, description, price, category, badge, image_url, out_of_stock, available_count, mrp, rating, review_count, images, features, specs, reviews, style_id, hex, sku, created_at) VALUES ('Bordered Custom Color Normal Polaroid', 'Bordered with custom color normal', 18.00, 'polaroid', NULL, NULL, false, 100, NULL, 4.50, 0, NULL, NULL, NULL, NULL, NULL, NULL, 'APD-N-b-color', NOW()) ON CONFLICT (sku) DO UPDATE SET name=EXCLUDED.name, description=EXCLUDED.description, price=EXCLUDED.price, category=EXCLUDED.category, badge=EXCLUDED.badge, specs=EXCLUDED.specs, style_id=EXCLUDED.style_id, available_count=EXCLUDED.available_count;
INSERT INTO ecommerce.products (name, description, price, category, badge, image_url, out_of_stock, available_count, mrp, rating, review_count, images, features, specs, reviews, style_id, hex, sku, created_at) VALUES ('Small Photo Book — 4 Pages', 'Small size with 4 pages', 70.00, 'photobook', NULL, NULL, false, 100, NULL, 4.50, 0, NULL, NULL, NULL, NULL, NULL, NULL, 'APB-S-4', NOW()) ON CONFLICT (sku) DO UPDATE SET name=EXCLUDED.name, description=EXCLUDED.description, price=EXCLUDED.price, category=EXCLUDED.category, badge=EXCLUDED.badge, specs=EXCLUDED.specs, style_id=EXCLUDED.style_id, available_count=EXCLUDED.available_count;
INSERT INTO ecommerce.products (name, description, price, category, badge, image_url, out_of_stock, available_count, mrp, rating, review_count, images, features, specs, reviews, style_id, hex, sku, created_at) VALUES ('A5 Photo Book — 4 Pages', 'A5 size with 4 pages', 99.00, 'photobook', NULL, NULL, false, 100, NULL, 4.50, 0, NULL, NULL, NULL, NULL, NULL, NULL, 'APB-A5-4', NOW()) ON CONFLICT (sku) DO UPDATE SET name=EXCLUDED.name, description=EXCLUDED.description, price=EXCLUDED.price, category=EXCLUDED.category, badge=EXCLUDED.badge, specs=EXCLUDED.specs, style_id=EXCLUDED.style_id, available_count=EXCLUDED.available_count;
INSERT INTO ecommerce.products (name, description, price, category, badge, image_url, out_of_stock, available_count, mrp, rating, review_count, images, features, specs, reviews, style_id, hex, sku, created_at) VALUES ('A4 Photo Book — 4 Pages', 'A4 size with 4 pages', 249.00, 'photobook', NULL, NULL, false, 100, NULL, 4.50, 0, NULL, NULL, NULL, NULL, NULL, NULL, 'APB-A4-4', NOW()) ON CONFLICT (sku) DO UPDATE SET name=EXCLUDED.name, description=EXCLUDED.description, price=EXCLUDED.price, category=EXCLUDED.category, badge=EXCLUDED.badge, specs=EXCLUDED.specs, style_id=EXCLUDED.style_id, available_count=EXCLUDED.available_count;
INSERT INTO ecommerce.products (name, description, price, category, badge, image_url, out_of_stock, available_count, mrp, rating, review_count, images, features, specs, reviews, style_id, hex, sku, created_at) VALUES ('A3 Photo Book — 4 Pages', 'A3 size with 4 pages', 349.00, 'photobook', NULL, NULL, false, 100, NULL, 4.50, 0, NULL, NULL, NULL, NULL, NULL, NULL, 'APB-A3-4', NOW()) ON CONFLICT (sku) DO UPDATE SET name=EXCLUDED.name, description=EXCLUDED.description, price=EXCLUDED.price, category=EXCLUDED.category, badge=EXCLUDED.badge, specs=EXCLUDED.specs, style_id=EXCLUDED.style_id, available_count=EXCLUDED.available_count;
INSERT INTO ecommerce.products (name, description, price, category, badge, image_url, out_of_stock, available_count, mrp, rating, review_count, images, features, specs, reviews, style_id, hex, sku, created_at) VALUES ('Small Photo Book — 8 Pages', 'Small size with 8 pages', 149.00, 'photobook', NULL, NULL, false, 100, NULL, 4.50, 0, NULL, NULL, NULL, NULL, NULL, NULL, 'APB-S-8', NOW()) ON CONFLICT (sku) DO UPDATE SET name=EXCLUDED.name, description=EXCLUDED.description, price=EXCLUDED.price, category=EXCLUDED.category, badge=EXCLUDED.badge, specs=EXCLUDED.specs, style_id=EXCLUDED.style_id, available_count=EXCLUDED.available_count;
INSERT INTO ecommerce.products (name, description, price, category, badge, image_url, out_of_stock, available_count, mrp, rating, review_count, images, features, specs, reviews, style_id, hex, sku, created_at) VALUES ('A5 Photo Book — 8 Pages', 'A5 size with 8 pages', 199.00, 'photobook', NULL, NULL, false, 100, NULL, 4.50, 0, NULL, NULL, NULL, NULL, NULL, NULL, 'APB-A5-8', NOW()) ON CONFLICT (sku) DO UPDATE SET name=EXCLUDED.name, description=EXCLUDED.description, price=EXCLUDED.price, category=EXCLUDED.category, badge=EXCLUDED.badge, specs=EXCLUDED.specs, style_id=EXCLUDED.style_id, available_count=EXCLUDED.available_count;
INSERT INTO ecommerce.products (name, description, price, category, badge, image_url, out_of_stock, available_count, mrp, rating, review_count, images, features, specs, reviews, style_id, hex, sku, created_at) VALUES ('A4 Photo Book — 8 Pages', 'A4 size with 8 pages', 399.00, 'photobook', NULL, NULL, false, 100, NULL, 4.50, 0, NULL, NULL, NULL, NULL, NULL, NULL, 'APB-A4-8', NOW()) ON CONFLICT (sku) DO UPDATE SET name=EXCLUDED.name, description=EXCLUDED.description, price=EXCLUDED.price, category=EXCLUDED.category, badge=EXCLUDED.badge, specs=EXCLUDED.specs, style_id=EXCLUDED.style_id, available_count=EXCLUDED.available_count;
INSERT INTO ecommerce.products (name, description, price, category, badge, image_url, out_of_stock, available_count, mrp, rating, review_count, images, features, specs, reviews, style_id, hex, sku, created_at) VALUES ('A3 Photo Book — 8 Pages', 'A3 size with 8 pages', 499.00, 'photobook', NULL, NULL, false, 100, NULL, 4.50, 0, NULL, NULL, NULL, NULL, NULL, NULL, 'APB-A3-8', NOW()) ON CONFLICT (sku) DO UPDATE SET name=EXCLUDED.name, description=EXCLUDED.description, price=EXCLUDED.price, category=EXCLUDED.category, badge=EXCLUDED.badge, specs=EXCLUDED.specs, style_id=EXCLUDED.style_id, available_count=EXCLUDED.available_count;
INSERT INTO ecommerce.products (name, description, price, category, badge, image_url, out_of_stock, available_count, mrp, rating, review_count, images, features, specs, reviews, style_id, hex, sku, created_at) VALUES ('Small Photo Book — 12 Pages', 'Small size with 12 pages', 199.00, 'photobook', NULL, NULL, false, 100, NULL, 4.50, 0, NULL, NULL, NULL, NULL, NULL, NULL, 'APB-S-12', NOW()) ON CONFLICT (sku) DO UPDATE SET name=EXCLUDED.name, description=EXCLUDED.description, price=EXCLUDED.price, category=EXCLUDED.category, badge=EXCLUDED.badge, specs=EXCLUDED.specs, style_id=EXCLUDED.style_id, available_count=EXCLUDED.available_count;
INSERT INTO ecommerce.products (name, description, price, category, badge, image_url, out_of_stock, available_count, mrp, rating, review_count, images, features, specs, reviews, style_id, hex, sku, created_at) VALUES ('A5 Photo Book — 12 Pages', 'A5 size with 12 pages', 299.00, 'photobook', NULL, NULL, false, 100, NULL, 4.50, 0, NULL, NULL, NULL, NULL, NULL, NULL, 'APB-A5-12', NOW()) ON CONFLICT (sku) DO UPDATE SET name=EXCLUDED.name, description=EXCLUDED.description, price=EXCLUDED.price, category=EXCLUDED.category, badge=EXCLUDED.badge, specs=EXCLUDED.specs, style_id=EXCLUDED.style_id, available_count=EXCLUDED.available_count;
INSERT INTO ecommerce.products (name, description, price, category, badge, image_url, out_of_stock, available_count, mrp, rating, review_count, images, features, specs, reviews, style_id, hex, sku, created_at) VALUES ('A4 Photo Book — 12 Pages', 'A4 size with 12 pages', 599.00, 'photobook', NULL, NULL, false, 100, NULL, 4.50, 0, NULL, NULL, NULL, NULL, NULL, NULL, 'APB-A4-12', NOW()) ON CONFLICT (sku) DO UPDATE SET name=EXCLUDED.name, description=EXCLUDED.description, price=EXCLUDED.price, category=EXCLUDED.category, badge=EXCLUDED.badge, specs=EXCLUDED.specs, style_id=EXCLUDED.style_id, available_count=EXCLUDED.available_count;
INSERT INTO ecommerce.products (name, description, price, category, badge, image_url, out_of_stock, available_count, mrp, rating, review_count, images, features, specs, reviews, style_id, hex, sku, created_at) VALUES ('A3 Photo Book — 12 Pages', 'A3 size with 12 pages', 699.00, 'photobook', NULL, NULL, false, 100, NULL, 4.50, 0, NULL, NULL, NULL, NULL, NULL, NULL, 'APB-A3-12', NOW()) ON CONFLICT (sku) DO UPDATE SET name=EXCLUDED.name, description=EXCLUDED.description, price=EXCLUDED.price, category=EXCLUDED.category, badge=EXCLUDED.badge, specs=EXCLUDED.specs, style_id=EXCLUDED.style_id, available_count=EXCLUDED.available_count;
INSERT INTO ecommerce.products (name, description, price, category, badge, image_url, out_of_stock, available_count, mrp, rating, review_count, images, features, specs, reviews, style_id, hex, sku, created_at) VALUES ('Small Photo Magazine — 4 Pages', 'Small size with 4 pages', 70.00, 'magazine', NULL, NULL, false, 100, NULL, 4.50, 0, NULL, NULL, NULL, NULL, NULL, NULL, 'APM-S', NOW()) ON CONFLICT (sku) DO UPDATE SET name=EXCLUDED.name, description=EXCLUDED.description, price=EXCLUDED.price, category=EXCLUDED.category, badge=EXCLUDED.badge, specs=EXCLUDED.specs, style_id=EXCLUDED.style_id, available_count=EXCLUDED.available_count;
INSERT INTO ecommerce.products (name, description, price, category, badge, image_url, out_of_stock, available_count, mrp, rating, review_count, images, features, specs, reviews, style_id, hex, sku, created_at) VALUES ('A5 Photo Magazine — 4 Pages', 'A5 size with 4 pages', 99.00, 'magazine', NULL, NULL, false, 100, NULL, 4.50, 0, NULL, NULL, NULL, NULL, NULL, NULL, 'APM-A5', NOW()) ON CONFLICT (sku) DO UPDATE SET name=EXCLUDED.name, description=EXCLUDED.description, price=EXCLUDED.price, category=EXCLUDED.category, badge=EXCLUDED.badge, specs=EXCLUDED.specs, style_id=EXCLUDED.style_id, available_count=EXCLUDED.available_count;
INSERT INTO ecommerce.products (name, description, price, category, badge, image_url, out_of_stock, available_count, mrp, rating, review_count, images, features, specs, reviews, style_id, hex, sku, created_at) VALUES ('A4 Photo Magazine — 4 Pages', 'A4 size with 4 pages', 249.00, 'magazine', NULL, NULL, false, 100, NULL, 4.50, 0, NULL, NULL, NULL, NULL, NULL, NULL, 'APM-A4', NOW()) ON CONFLICT (sku) DO UPDATE SET name=EXCLUDED.name, description=EXCLUDED.description, price=EXCLUDED.price, category=EXCLUDED.category, badge=EXCLUDED.badge, specs=EXCLUDED.specs, style_id=EXCLUDED.style_id, available_count=EXCLUDED.available_count;
INSERT INTO ecommerce.products (name, description, price, category, badge, image_url, out_of_stock, available_count, mrp, rating, review_count, images, features, specs, reviews, style_id, hex, sku, created_at) VALUES ('A3 Photo Magazine — 4 Pages', 'A3 size with 4 pages', 349.00, 'magazine', NULL, NULL, false, 100, NULL, 4.50, 0, NULL, NULL, NULL, NULL, NULL, NULL, 'APM-A3', NOW()) ON CONFLICT (sku) DO UPDATE SET name=EXCLUDED.name, description=EXCLUDED.description, price=EXCLUDED.price, category=EXCLUDED.category, badge=EXCLUDED.badge, specs=EXCLUDED.specs, style_id=EXCLUDED.style_id, available_count=EXCLUDED.available_count;
INSERT INTO ecommerce.products (name, description, price, category, badge, image_url, out_of_stock, available_count, mrp, rating, review_count, images, features, specs, reviews, style_id, hex, sku, created_at) VALUES ('Small Photo Magazine — 8 Pages', 'Small size with 8 pages', 149.00, 'magazine', NULL, NULL, false, 100, NULL, 4.50, 0, NULL, NULL, NULL, NULL, NULL, NULL, 'APM-S-8', NOW()) ON CONFLICT (sku) DO UPDATE SET name=EXCLUDED.name, description=EXCLUDED.description, price=EXCLUDED.price, category=EXCLUDED.category, badge=EXCLUDED.badge, specs=EXCLUDED.specs, style_id=EXCLUDED.style_id, available_count=EXCLUDED.available_count;
INSERT INTO ecommerce.products (name, description, price, category, badge, image_url, out_of_stock, available_count, mrp, rating, review_count, images, features, specs, reviews, style_id, hex, sku, created_at) VALUES ('A5 Photo Magazine — 8 Pages', 'A5 size with 8 pages', 199.00, 'magazine', NULL, NULL, false, 100, NULL, 4.50, 0, NULL, NULL, NULL, NULL, NULL, NULL, 'APM-A5-8', NOW()) ON CONFLICT (sku) DO UPDATE SET name=EXCLUDED.name, description=EXCLUDED.description, price=EXCLUDED.price, category=EXCLUDED.category, badge=EXCLUDED.badge, specs=EXCLUDED.specs, style_id=EXCLUDED.style_id, available_count=EXCLUDED.available_count;
INSERT INTO ecommerce.products (name, description, price, category, badge, image_url, out_of_stock, available_count, mrp, rating, review_count, images, features, specs, reviews, style_id, hex, sku, created_at) VALUES ('A4 Photo Magazine — 8 Pages', 'A4 size with 8 pages', 399.00, 'magazine', NULL, NULL, false, 100, NULL, 4.50, 0, NULL, NULL, NULL, NULL, NULL, NULL, 'APM-A4-8', NOW()) ON CONFLICT (sku) DO UPDATE SET name=EXCLUDED.name, description=EXCLUDED.description, price=EXCLUDED.price, category=EXCLUDED.category, badge=EXCLUDED.badge, specs=EXCLUDED.specs, style_id=EXCLUDED.style_id, available_count=EXCLUDED.available_count;
INSERT INTO ecommerce.products (name, description, price, category, badge, image_url, out_of_stock, available_count, mrp, rating, review_count, images, features, specs, reviews, style_id, hex, sku, created_at) VALUES ('A3 Photo Magazine — 8 Pages', 'A3 size with 8 pages', 499.00, 'magazine', NULL, NULL, false, 100, NULL, 4.50, 0, NULL, NULL, NULL, NULL, NULL, NULL, 'APM-A3-8', NOW()) ON CONFLICT (sku) DO UPDATE SET name=EXCLUDED.name, description=EXCLUDED.description, price=EXCLUDED.price, category=EXCLUDED.category, badge=EXCLUDED.badge, specs=EXCLUDED.specs, style_id=EXCLUDED.style_id, available_count=EXCLUDED.available_count;
INSERT INTO ecommerce.products (name, description, price, category, badge, image_url, out_of_stock, available_count, mrp, rating, review_count, images, features, specs, reviews, style_id, hex, sku, created_at) VALUES ('Small Photo Magazine — 12 Pages', 'Small size with 12 pages', 199.00, 'magazine', NULL, NULL, false, 100, NULL, 4.50, 0, NULL, NULL, NULL, NULL, NULL, NULL, 'APM-S-12', NOW()) ON CONFLICT (sku) DO UPDATE SET name=EXCLUDED.name, description=EXCLUDED.description, price=EXCLUDED.price, category=EXCLUDED.category, badge=EXCLUDED.badge, specs=EXCLUDED.specs, style_id=EXCLUDED.style_id, available_count=EXCLUDED.available_count;
INSERT INTO ecommerce.products (name, description, price, category, badge, image_url, out_of_stock, available_count, mrp, rating, review_count, images, features, specs, reviews, style_id, hex, sku, created_at) VALUES ('A5 Photo Magazine — 12 Pages', 'A5 size with 12 pages', 299.00, 'magazine', NULL, NULL, false, 100, NULL, 4.50, 0, NULL, NULL, NULL, NULL, NULL, NULL, 'APM-A5-12', NOW()) ON CONFLICT (sku) DO UPDATE SET name=EXCLUDED.name, description=EXCLUDED.description, price=EXCLUDED.price, category=EXCLUDED.category, badge=EXCLUDED.badge, specs=EXCLUDED.specs, style_id=EXCLUDED.style_id, available_count=EXCLUDED.available_count;
INSERT INTO ecommerce.products (name, description, price, category, badge, image_url, out_of_stock, available_count, mrp, rating, review_count, images, features, specs, reviews, style_id, hex, sku, created_at) VALUES ('A4 Photo Magazine — 12 Pages', 'A4 size with 12 pages', 599.00, 'magazine', NULL, NULL, false, 100, NULL, 4.50, 0, NULL, NULL, NULL, NULL, NULL, NULL, 'APM-A4-12', NOW()) ON CONFLICT (sku) DO UPDATE SET name=EXCLUDED.name, description=EXCLUDED.description, price=EXCLUDED.price, category=EXCLUDED.category, badge=EXCLUDED.badge, specs=EXCLUDED.specs, style_id=EXCLUDED.style_id, available_count=EXCLUDED.available_count;
INSERT INTO ecommerce.products (name, description, price, category, badge, image_url, out_of_stock, available_count, mrp, rating, review_count, images, features, specs, reviews, style_id, hex, sku, created_at) VALUES ('A3 Photo Magazine — 12 Pages', 'A3 size with 12 pages', 699.00, 'magazine', NULL, NULL, false, 100, NULL, 4.50, 0, NULL, NULL, NULL, NULL, NULL, NULL, 'APM-A3-12', NOW()) ON CONFLICT (sku) DO UPDATE SET name=EXCLUDED.name, description=EXCLUDED.description, price=EXCLUDED.price, category=EXCLUDED.category, badge=EXCLUDED.badge, specs=EXCLUDED.specs, style_id=EXCLUDED.style_id, available_count=EXCLUDED.available_count;
INSERT INTO ecommerce.products (name, description, price, category, badge, image_url, out_of_stock, available_count, mrp, rating, review_count, images, features, specs, reviews, style_id, hex, sku, created_at) VALUES ('12-Page Tabletop Calendar', '12 pages tabletop calendar', 450.00, 'calendar', NULL, NULL, false, 100, NULL, 4.50, 0, NULL, NULL, NULL, NULL, NULL, NULL, 'ACAL-12-T', NOW()) ON CONFLICT (sku) DO UPDATE SET name=EXCLUDED.name, description=EXCLUDED.description, price=EXCLUDED.price, category=EXCLUDED.category, badge=EXCLUDED.badge, specs=EXCLUDED.specs, style_id=EXCLUDED.style_id, available_count=EXCLUDED.available_count;
INSERT INTO ecommerce.products (name, description, price, category, badge, image_url, out_of_stock, available_count, mrp, rating, review_count, images, features, specs, reviews, style_id, hex, sku, created_at) VALUES ('6-Page Tabletop Calendar', '6 pages tabletop calendar', 250.00, 'calendar', NULL, NULL, false, 100, NULL, 4.50, 0, NULL, NULL, NULL, NULL, NULL, NULL, 'ACAL-6-T', NOW()) ON CONFLICT (sku) DO UPDATE SET name=EXCLUDED.name, description=EXCLUDED.description, price=EXCLUDED.price, category=EXCLUDED.category, badge=EXCLUDED.badge, specs=EXCLUDED.specs, style_id=EXCLUDED.style_id, available_count=EXCLUDED.available_count;
INSERT INTO ecommerce.products (name, description, price, category, badge, image_url, out_of_stock, available_count, mrp, rating, review_count, images, features, specs, reviews, style_id, hex, sku, created_at) VALUES ('12-Page Hanging Calendar', '12 pages hanging calendar', 700.00, 'calendar', NULL, NULL, false, 100, NULL, 4.50, 0, NULL, NULL, NULL, NULL, NULL, NULL, 'ACAL-12-H', NOW()) ON CONFLICT (sku) DO UPDATE SET name=EXCLUDED.name, description=EXCLUDED.description, price=EXCLUDED.price, category=EXCLUDED.category, badge=EXCLUDED.badge, specs=EXCLUDED.specs, style_id=EXCLUDED.style_id, available_count=EXCLUDED.available_count;
INSERT INTO ecommerce.products (name, description, price, category, badge, image_url, out_of_stock, available_count, mrp, rating, review_count, images, features, specs, reviews, style_id, hex, sku, created_at) VALUES ('6-Page Hanging Calendar', '6 pages hanging calendar', 550.00, 'calendar', NULL, NULL, false, 100, NULL, 4.50, 0, NULL, NULL, NULL, NULL, NULL, NULL, 'ACAL-6-H', NOW()) ON CONFLICT (sku) DO UPDATE SET name=EXCLUDED.name, description=EXCLUDED.description, price=EXCLUDED.price, category=EXCLUDED.category, badge=EXCLUDED.badge, specs=EXCLUDED.specs, style_id=EXCLUDED.style_id, available_count=EXCLUDED.available_count;
INSERT INTO ecommerce.products (name, description, price, category, badge, image_url, out_of_stock, available_count, mrp, rating, review_count, images, features, specs, reviews, style_id, hex, sku, created_at) VALUES ('Chocolate Bouquet', 'Chocolate bouquet', 350.00, 'bouquet', NULL, NULL, false, 100, NULL, 4.50, 0, NULL, NULL, NULL, NULL, NULL, NULL, 'ABQ-CHOCOLATE', NOW()) ON CONFLICT (sku) DO UPDATE SET name=EXCLUDED.name, description=EXCLUDED.description, price=EXCLUDED.price, category=EXCLUDED.category, badge=EXCLUDED.badge, specs=EXCLUDED.specs, style_id=EXCLUDED.style_id, available_count=EXCLUDED.available_count;
INSERT INTO ecommerce.products (name, description, price, category, badge, image_url, out_of_stock, available_count, mrp, rating, review_count, images, features, specs, reviews, style_id, hex, sku, created_at) VALUES ('Flower Bouquet', 'Flower bouquet', 350.00, 'bouquet', NULL, NULL, false, 100, NULL, 4.50, 0, NULL, NULL, NULL, NULL, NULL, NULL, 'ABQ-FLOWER', NOW()) ON CONFLICT (sku) DO UPDATE SET name=EXCLUDED.name, description=EXCLUDED.description, price=EXCLUDED.price, category=EXCLUDED.category, badge=EXCLUDED.badge, specs=EXCLUDED.specs, style_id=EXCLUDED.style_id, available_count=EXCLUDED.available_count;
INSERT INTO ecommerce.products (name, description, price, category, badge, image_url, out_of_stock, available_count, mrp, rating, review_count, images, features, specs, reviews, style_id, hex, sku, created_at) VALUES ('Photo Bouquet', 'Photo bouquet', 350.00, 'bouquet', NULL, NULL, false, 100, NULL, 4.50, 0, NULL, NULL, NULL, NULL, NULL, NULL, 'ABQ-PHOTO', NOW()) ON CONFLICT (sku) DO UPDATE SET name=EXCLUDED.name, description=EXCLUDED.description, price=EXCLUDED.price, category=EXCLUDED.category, badge=EXCLUDED.badge, specs=EXCLUDED.specs, style_id=EXCLUDED.style_id, available_count=EXCLUDED.available_count;
INSERT INTO ecommerce.products (name, description, price, category, badge, image_url, out_of_stock, available_count, mrp, rating, review_count, images, features, specs, reviews, style_id, hex, sku, created_at) VALUES ('Normal Frame (Type A — Matte/Glossy/Glitter)', 'Normal frame 8mm MDF. Types: Matte paper, Glossy sheet, Glitter sheet. Custom sizes available.', 0.00, 'frame', 'PRICE_CONFIRMATION_NEEDED', NULL, false, 100, NULL, 4.50, 0, NULL, NULL, '{"frame_sizes": [{"size": "4x4", "price": 0}, {"size": "6x4", "price": 0}, {"size": "6x8", "price": 0}, {"size": "7x5", "price": 0}, {"size": "10x8", "price": 0}, {"size": "12x8", "price": 0}, {"size": "12x10", "price": 0}, {"size": "12x15", "price": 0}, {"size": "15x10", "price": 0}, {"size": "18x12", "price": 0}, {"size": "24x16", "price": 0}, {"size": "12x12", "price": 0}, {"size": "24x12", "price": 0}, {"size": "24x18", "price": 0}, {"size": "20x30", "price": 0}, {"size": "24x30", "price": 0}]}'::jsonb, NULL, 'frame_a', NULL, 'AFRM1', NOW()) ON CONFLICT (sku) DO UPDATE SET name=EXCLUDED.name, description=EXCLUDED.description, price=EXCLUDED.price, category=EXCLUDED.category, badge=EXCLUDED.badge, specs=EXCLUDED.specs, style_id=EXCLUDED.style_id, available_count=EXCLUDED.available_count;
INSERT INTO ecommerce.products (name, description, price, category, badge, image_url, out_of_stock, available_count, mrp, rating, review_count, images, features, specs, reviews, style_id, hex, sku, created_at) VALUES ('Normal Frame (Type B — 2mm Acrylic)', 'Normal frame 2mm MDF with 2mm acrylic sheet. Types: Fiber sheet, MDF, Cardboard. Custom sizes available.', 0.00, 'frame', 'PRICE_CONFIRMATION_NEEDED', NULL, false, 100, NULL, 4.50, 0, NULL, NULL, '{"frame_sizes": [{"size": "4x4", "price": 0}, {"size": "6x4", "price": 0}, {"size": "6x8", "price": 0}, {"size": "7x5", "price": 0}, {"size": "10x8", "price": 0}, {"size": "12x8", "price": 0}, {"size": "12x10", "price": 0}, {"size": "12x15", "price": 0}, {"size": "15x10", "price": 0}, {"size": "18x12", "price": 0}, {"size": "24x16", "price": 0}, {"size": "12x12", "price": 0}, {"size": "24x12", "price": 0}, {"size": "24x18", "price": 0}, {"size": "20x30", "price": 0}, {"size": "24x30", "price": 0}]}'::jsonb, NULL, 'frame_b', NULL, 'AFRM2', NOW()) ON CONFLICT (sku) DO UPDATE SET name=EXCLUDED.name, description=EXCLUDED.description, price=EXCLUDED.price, category=EXCLUDED.category, badge=EXCLUDED.badge, specs=EXCLUDED.specs, style_id=EXCLUDED.style_id, available_count=EXCLUDED.available_count;
INSERT INTO ecommerce.products (name, description, price, category, badge, image_url, out_of_stock, available_count, mrp, rating, review_count, images, features, specs, reviews, style_id, hex, sku, created_at) VALUES ('Story Frame', 'Story frame. All customised frame sizes available.', 0.00, 'frame', 'PRICE_CONFIRMATION_NEEDED', NULL, false, 100, NULL, 4.50, 0, NULL, NULL, '{"frame_sizes": [{"size": "4x4", "price": 0}, {"size": "12x10", "price": 0}, {"size": "15x10", "price": 0}, {"size": "18x12", "price": 0}]}'::jsonb, NULL, 'story', NULL, 'AFRM9', NOW()) ON CONFLICT (sku) DO UPDATE SET name=EXCLUDED.name, description=EXCLUDED.description, price=EXCLUDED.price, category=EXCLUDED.category, badge=EXCLUDED.badge, specs=EXCLUDED.specs, style_id=EXCLUDED.style_id, available_count=EXCLUDED.available_count;
INSERT INTO ecommerce.products (name, description, price, category, badge, image_url, out_of_stock, available_count, mrp, rating, review_count, images, features, specs, reviews, style_id, hex, sku, created_at) VALUES ('Certificate Frame', 'Certificate frame. All customised frame sizes available.', 0.00, 'frame', 'PRICE_CONFIRMATION_NEEDED', NULL, false, 100, NULL, 4.50, 0, NULL, NULL, '{"frame_sizes": [{"size": "6x4", "price": 0}, {"size": "12x10", "price": 0}]}'::jsonb, NULL, 'certificate', NULL, 'AFRM15', NOW()) ON CONFLICT (sku) DO UPDATE SET name=EXCLUDED.name, description=EXCLUDED.description, price=EXCLUDED.price, category=EXCLUDED.category, badge=EXCLUDED.badge, specs=EXCLUDED.specs, style_id=EXCLUDED.style_id, available_count=EXCLUDED.available_count;
INSERT INTO ecommerce.products (name, description, price, category, badge, image_url, out_of_stock, available_count, mrp, rating, review_count, images, features, specs, reviews, style_id, hex, sku, created_at) VALUES ('Collage Frame', 'Collage frame. All customised frame sizes available.', 0.00, 'frame', 'PRICE_CONFIRMATION_NEEDED', NULL, false, 100, NULL, 4.50, 0, NULL, NULL, '{"frame_sizes": [{"size": "12x15", "price": 0}, {"size": "24x12", "price": 0}]}'::jsonb, NULL, 'collage', NULL, 'AFRM14', NOW()) ON CONFLICT (sku) DO UPDATE SET name=EXCLUDED.name, description=EXCLUDED.description, price=EXCLUDED.price, category=EXCLUDED.category, badge=EXCLUDED.badge, specs=EXCLUDED.specs, style_id=EXCLUDED.style_id, available_count=EXCLUDED.available_count;
INSERT INTO ecommerce.products (name, description, price, category, badge, image_url, out_of_stock, available_count, mrp, rating, review_count, images, features, specs, reviews, style_id, hex, sku, created_at) VALUES ('3D Miniature Frame', '3D miniature frame. All customised frame sizes available.', 0.00, 'frame', 'PRICE_CONFIRMATION_NEEDED', NULL, false, 100, NULL, 4.50, 0, NULL, NULL, '{"frame_sizes": [{"size": "8x8", "price": 0}, {"size": "10x15", "price": 0}]}'::jsonb, NULL, '3d_mini', NULL, 'AFRM3', NOW()) ON CONFLICT (sku) DO UPDATE SET name=EXCLUDED.name, description=EXCLUDED.description, price=EXCLUDED.price, category=EXCLUDED.category, badge=EXCLUDED.badge, specs=EXCLUDED.specs, style_id=EXCLUDED.style_id, available_count=EXCLUDED.available_count;
INSERT INTO ecommerce.products (name, description, price, category, badge, image_url, out_of_stock, available_count, mrp, rating, review_count, images, features, specs, reviews, style_id, hex, sku, created_at) VALUES ('3D Element Frame', '3D element frame. All customised frame sizes available.', 0.00, 'frame', 'PRICE_CONFIRMATION_NEEDED', NULL, false, 100, NULL, 4.50, 0, NULL, NULL, '{"frame_sizes": [{"size": "8x8", "price": 0}, {"size": "12x8", "price": 0}, {"size": "15x10", "price": 0}]}'::jsonb, NULL, '3d_element', NULL, 'AFRM4', NOW()) ON CONFLICT (sku) DO UPDATE SET name=EXCLUDED.name, description=EXCLUDED.description, price=EXCLUDED.price, category=EXCLUDED.category, badge=EXCLUDED.badge, specs=EXCLUDED.specs, style_id=EXCLUDED.style_id, available_count=EXCLUDED.available_count;
INSERT INTO ecommerce.products (name, description, price, category, badge, image_url, out_of_stock, available_count, mrp, rating, review_count, images, features, specs, reviews, style_id, hex, sku, created_at) VALUES ('LED Frame', 'LED frame. All customised frame sizes available.', 0.00, 'frame', 'PRICE_CONFIRMATION_NEEDED', NULL, false, 100, NULL, 4.50, 0, NULL, NULL, '{"frame_sizes": [{"size": "7x5", "price": 0}, {"size": "12x10", "price": 0}, {"size": "12x8", "price": 0}]}'::jsonb, NULL, 'led', NULL, 'AFRM11', NOW()) ON CONFLICT (sku) DO UPDATE SET name=EXCLUDED.name, description=EXCLUDED.description, price=EXCLUDED.price, category=EXCLUDED.category, badge=EXCLUDED.badge, specs=EXCLUDED.specs, style_id=EXCLUDED.style_id, available_count=EXCLUDED.available_count;
INSERT INTO ecommerce.products (name, description, price, category, badge, image_url, out_of_stock, available_count, mrp, rating, review_count, images, features, specs, reviews, style_id, hex, sku, created_at) VALUES ('Collage Popup Frame', 'Collage popup frame. Editing applies extra charges per page.', 0.00, 'frame', 'PRICE_CONFIRMATION_NEEDED', NULL, false, 100, NULL, 4.50, 0, NULL, NULL, '{"frame_sizes": [{"size": "12x12", "price": 0}, {"size": "15x10", "price": 0}, {"size": "12x10", "price": 0}]}'::jsonb, NULL, 'collage_popup', NULL, 'AFRM17', NOW()) ON CONFLICT (sku) DO UPDATE SET name=EXCLUDED.name, description=EXCLUDED.description, price=EXCLUDED.price, category=EXCLUDED.category, badge=EXCLUDED.badge, specs=EXCLUDED.specs, style_id=EXCLUDED.style_id, available_count=EXCLUDED.available_count;
INSERT INTO ecommerce.products (name, description, price, category, badge, image_url, out_of_stock, available_count, mrp, rating, review_count, images, features, specs, reviews, style_id, hex, sku, created_at) VALUES ('Canvas Frame', 'Canvas frame. All customised frame sizes available.', 0.00, 'frame', 'PRICE_CONFIRMATION_NEEDED', NULL, false, 100, NULL, 4.50, 0, NULL, NULL, '{"frame_sizes": [{"size": "12x15", "price": 0}, {"size": "12x12", "price": 0}]}'::jsonb, NULL, 'canvas', NULL, 'AFRM7', NOW()) ON CONFLICT (sku) DO UPDATE SET name=EXCLUDED.name, description=EXCLUDED.description, price=EXCLUDED.price, category=EXCLUDED.category, badge=EXCLUDED.badge, specs=EXCLUDED.specs, style_id=EXCLUDED.style_id, available_count=EXCLUDED.available_count;
INSERT INTO ecommerce.products (name, description, price, category, badge, image_url, out_of_stock, available_count, mrp, rating, review_count, images, features, specs, reviews, style_id, hex, sku, created_at) VALUES ('Embroidery Frame', 'Embroidery frame. All customised frame sizes available.', 0.00, 'frame', 'PRICE_CONFIRMATION_NEEDED', NULL, false, 100, NULL, 4.50, 0, NULL, NULL, '{"frame_sizes": [{"size": "7x8", "price": 0}, {"size": "12x8", "price": 0}, {"size": "12x10", "price": 0}]}'::jsonb, NULL, 'embroidery', NULL, 'AFRM12', NOW()) ON CONFLICT (sku) DO UPDATE SET name=EXCLUDED.name, description=EXCLUDED.description, price=EXCLUDED.price, category=EXCLUDED.category, badge=EXCLUDED.badge, specs=EXCLUDED.specs, style_id=EXCLUDED.style_id, available_count=EXCLUDED.available_count;
INSERT INTO ecommerce.products (name, description, price, category, badge, image_url, out_of_stock, available_count, mrp, rating, review_count, images, features, specs, reviews, style_id, hex, sku, created_at) VALUES ('Split Frame', 'Split frame. All customised frame sizes available.', 0.00, 'frame', 'PRICE_CONFIRMATION_NEEDED', NULL, false, 100, NULL, 4.50, 0, NULL, NULL, '{"frame_sizes": [{"size": "12x12", "price": 0}, {"size": "6x8", "price": 0}]}'::jsonb, NULL, 'split', NULL, 'AFRM8', NOW()) ON CONFLICT (sku) DO UPDATE SET name=EXCLUDED.name, description=EXCLUDED.description, price=EXCLUDED.price, category=EXCLUDED.category, badge=EXCLUDED.badge, specs=EXCLUDED.specs, style_id=EXCLUDED.style_id, available_count=EXCLUDED.available_count;
INSERT INTO ecommerce.products (name, description, price, category, badge, image_url, out_of_stock, available_count, mrp, rating, review_count, images, features, specs, reviews, style_id, hex, sku, created_at) VALUES ('Farewell Frame', 'Farewell frame. All customised frame sizes available.', 0.00, 'frame', 'PRICE_CONFIRMATION_NEEDED', NULL, false, 100, NULL, 4.50, 0, NULL, NULL, '{"frame_sizes": [{"size": "4x4", "price": 0}, {"size": "12x10", "price": 0}, {"size": "15x10", "price": 0}, {"size": "18x12", "price": 0}]}'::jsonb, NULL, 'farewell', NULL, 'AFRM-FAREWELL', NOW()) ON CONFLICT (sku) DO UPDATE SET name=EXCLUDED.name, description=EXCLUDED.description, price=EXCLUDED.price, category=EXCLUDED.category, badge=EXCLUDED.badge, specs=EXCLUDED.specs, style_id=EXCLUDED.style_id, available_count=EXCLUDED.available_count;
INSERT INTO ecommerce.products (name, description, price, category, badge, image_url, out_of_stock, available_count, mrp, rating, review_count, images, features, specs, reviews, style_id, hex, sku, created_at) VALUES ('Mini Frame', 'Mini frame. All customised frame sizes available.', 0.00, 'frame', 'PRICE_CONFIRMATION_NEEDED', NULL, false, 100, NULL, 4.50, 0, NULL, NULL, '{"frame_sizes": [{"size": "4x4", "price": 0}, {"size": "5x5", "price": 0}]}'::jsonb, NULL, 'mini', NULL, 'AFRM-MINI', NOW()) ON CONFLICT (sku) DO UPDATE SET name=EXCLUDED.name, description=EXCLUDED.description, price=EXCLUDED.price, category=EXCLUDED.category, badge=EXCLUDED.badge, specs=EXCLUDED.specs, style_id=EXCLUDED.style_id, available_count=EXCLUDED.available_count;
INSERT INTO ecommerce.products (name, description, price, category, badge, image_url, out_of_stock, available_count, mrp, rating, review_count, images, features, specs, reviews, style_id, hex, sku, created_at) VALUES ('Wedding Frame', 'Wedding frame. All customised frame sizes available.', 0.00, 'frame', 'PRICE_CONFIRMATION_NEEDED', NULL, false, 100, NULL, 4.50, 0, NULL, NULL, '{"frame_sizes": [{"size": "12x12", "price": 0}, {"size": "18x12", "price": 0}]}'::jsonb, NULL, 'wedding', NULL, 'AFRM-WEDDING', NOW()) ON CONFLICT (sku) DO UPDATE SET name=EXCLUDED.name, description=EXCLUDED.description, price=EXCLUDED.price, category=EXCLUDED.category, badge=EXCLUDED.badge, specs=EXCLUDED.specs, style_id=EXCLUDED.style_id, available_count=EXCLUDED.available_count;
INSERT INTO ecommerce.products (name, description, price, category, badge, image_url, out_of_stock, available_count, mrp, rating, review_count, images, features, specs, reviews, style_id, hex, sku, created_at) VALUES ('Photo Collage Frame', 'Photo collage frame with two layout options.', 0.00, 'frame', 'PRICE_CONFIRMATION_NEEDED', NULL, false, 100, NULL, 4.50, 0, NULL, NULL, '{"frame_sizes": [{"size": "6x4-2/4x4-2/3x3-2/5x5-2", "price": 0}, {"size": "6x4-2/4x4-2/3x3-2/6x6-2", "price": 0}]}'::jsonb, NULL, 'photo_collage', NULL, 'AFRM-PHOTO-COLLAGE', NOW()) ON CONFLICT (sku) DO UPDATE SET name=EXCLUDED.name, description=EXCLUDED.description, price=EXCLUDED.price, category=EXCLUDED.category, badge=EXCLUDED.badge, specs=EXCLUDED.specs, style_id=EXCLUDED.style_id, available_count=EXCLUDED.available_count;
INSERT INTO ecommerce.products (name, description, price, category, badge, image_url, out_of_stock, available_count, mrp, rating, review_count, images, features, specs, reviews, style_id, hex, sku, created_at) VALUES ('Plastic Beading Frame', 'Plastic beading frame. All customised frame sizes available.', 0.00, 'frame', 'PRICE_CONFIRMATION_NEEDED', NULL, false, 100, NULL, 4.50, 0, NULL, NULL, '{"frame_sizes": [{"size": "12x12", "price": 0}, {"size": "12x15", "price": 0}]}'::jsonb, NULL, 'plastic_beading', NULL, 'AFRM-PLASTIC-BEADING', NOW()) ON CONFLICT (sku) DO UPDATE SET name=EXCLUDED.name, description=EXCLUDED.description, price=EXCLUDED.price, category=EXCLUDED.category, badge=EXCLUDED.badge, specs=EXCLUDED.specs, style_id=EXCLUDED.style_id, available_count=EXCLUDED.available_count;
INSERT INTO ecommerce.products (name, description, price, category, badge, image_url, out_of_stock, available_count, mrp, rating, review_count, images, features, specs, reviews, style_id, hex, sku, created_at) VALUES ('Customized Gift Package (Wall Hanging + Polaroids + LED + Decor)', 'Customized gift package: Wall Hanging + Customized Polaroids + LED Lights + Decorative Leaves', 0.00, 'gift_bundle', 'PRICE_CONFIRMATION_NEEDED', NULL, false, 100, NULL, 4.50, 0, NULL, NULL, '{"components": ["Wall Hanging", "Customized Polaroids", "LED Lights", "Decorative Leaves"], "description": "Customized gift package for Grand Opening offer"}'::jsonb, NULL, NULL, NULL, 'AGB-GIFT-PKG', NOW()) ON CONFLICT (sku) DO UPDATE SET name=EXCLUDED.name, description=EXCLUDED.description, price=EXCLUDED.price, category=EXCLUDED.category, badge=EXCLUDED.badge, specs=EXCLUDED.specs, style_id=EXCLUDED.style_id, available_count=EXCLUDED.available_count;

-- ─── Offers (30 rows with promotion_group) ──────────────────────────

INSERT INTO ecommerce.offers (offer_id, offer_name, criteria_type, product_scope, product_id, required_count, required_value, reward_type, free_product_id, free_product_qty, discount_percentage, start_datetime, end_datetime, status, promotion_group, created_at, updated_at) VALUES ('e40c1b17-4ca1-4bc6-b937-d774c1836340', 'Acrylic Magnet Customized — Buy 3 Get 1 Free', 'PURCHASE_COUNT', 'MULTIPLE_PRODUCT', NULL, 3, NULL, 'FREE_PRODUCT', 20, 1, NULL, '2026-07-15T18:30:00+00:00', '2026-07-19T18:29:59+00:00', 'ACTIVE', 'ACRYLIC_MAGNET_CUSTOMIZED', NOW(), NOW()) ON CONFLICT (offer_id) DO UPDATE SET offer_name=EXCLUDED.offer_name, criteria_type=EXCLUDED.criteria_type, product_scope=EXCLUDED.product_scope, required_count=EXCLUDED.required_count, required_value=EXCLUDED.required_value, free_product_id=EXCLUDED.free_product_id, free_product_qty=EXCLUDED.free_product_qty, promotion_group=EXCLUDED.promotion_group, start_datetime=EXCLUDED.start_datetime, end_datetime=EXCLUDED.end_datetime, status=EXCLUDED.status;
DELETE FROM ecommerce.offer_qualifying_products WHERE offer_id = 'e40c1b17-4ca1-4bc6-b937-d774c1836340';
INSERT INTO ecommerce.offer_qualifying_products (id, offer_id, product_id) VALUES (gen_random_uuid(), 'e40c1b17-4ca1-4bc6-b937-d774c1836340', 20);
INSERT INTO ecommerce.offer_qualifying_products (id, offer_id, product_id) VALUES (gen_random_uuid(), 'e40c1b17-4ca1-4bc6-b937-d774c1836340', 21);
INSERT INTO ecommerce.offer_qualifying_products (id, offer_id, product_id) VALUES (gen_random_uuid(), 'e40c1b17-4ca1-4bc6-b937-d774c1836340', 22);
INSERT INTO ecommerce.offer_qualifying_products (id, offer_id, product_id) VALUES (gen_random_uuid(), 'e40c1b17-4ca1-4bc6-b937-d774c1836340', 23);
INSERT INTO ecommerce.offer_qualifying_products (id, offer_id, product_id) VALUES (gen_random_uuid(), 'e40c1b17-4ca1-4bc6-b937-d774c1836340', 24);
INSERT INTO ecommerce.offer_qualifying_products (id, offer_id, product_id) VALUES (gen_random_uuid(), 'e40c1b17-4ca1-4bc6-b937-d774c1836340', 25);
INSERT INTO ecommerce.offer_qualifying_products (id, offer_id, product_id) VALUES (gen_random_uuid(), 'e40c1b17-4ca1-4bc6-b937-d774c1836340', 26);
INSERT INTO ecommerce.offers (offer_id, offer_name, criteria_type, product_scope, product_id, required_count, required_value, reward_type, free_product_id, free_product_qty, discount_percentage, start_datetime, end_datetime, status, promotion_group, created_at, updated_at) VALUES ('d58a1602-0253-4c8c-8cee-8fd885d53897', 'Acrylic Magnet Customized — Buy 6 Get 2 Free', 'PURCHASE_COUNT', 'MULTIPLE_PRODUCT', NULL, 6, NULL, 'FREE_PRODUCT', 20, 2, NULL, '2026-07-15T18:30:00+00:00', '2026-07-19T18:29:59+00:00', 'ACTIVE', 'ACRYLIC_MAGNET_CUSTOMIZED', NOW(), NOW()) ON CONFLICT (offer_id) DO UPDATE SET offer_name=EXCLUDED.offer_name, criteria_type=EXCLUDED.criteria_type, product_scope=EXCLUDED.product_scope, required_count=EXCLUDED.required_count, required_value=EXCLUDED.required_value, free_product_id=EXCLUDED.free_product_id, free_product_qty=EXCLUDED.free_product_qty, promotion_group=EXCLUDED.promotion_group, start_datetime=EXCLUDED.start_datetime, end_datetime=EXCLUDED.end_datetime, status=EXCLUDED.status;
DELETE FROM ecommerce.offer_qualifying_products WHERE offer_id = 'd58a1602-0253-4c8c-8cee-8fd885d53897';
INSERT INTO ecommerce.offer_qualifying_products (id, offer_id, product_id) VALUES (gen_random_uuid(), 'd58a1602-0253-4c8c-8cee-8fd885d53897', 20);
INSERT INTO ecommerce.offer_qualifying_products (id, offer_id, product_id) VALUES (gen_random_uuid(), 'd58a1602-0253-4c8c-8cee-8fd885d53897', 21);
INSERT INTO ecommerce.offer_qualifying_products (id, offer_id, product_id) VALUES (gen_random_uuid(), 'd58a1602-0253-4c8c-8cee-8fd885d53897', 22);
INSERT INTO ecommerce.offer_qualifying_products (id, offer_id, product_id) VALUES (gen_random_uuid(), 'd58a1602-0253-4c8c-8cee-8fd885d53897', 23);
INSERT INTO ecommerce.offer_qualifying_products (id, offer_id, product_id) VALUES (gen_random_uuid(), 'd58a1602-0253-4c8c-8cee-8fd885d53897', 24);
INSERT INTO ecommerce.offer_qualifying_products (id, offer_id, product_id) VALUES (gen_random_uuid(), 'd58a1602-0253-4c8c-8cee-8fd885d53897', 25);
INSERT INTO ecommerce.offer_qualifying_products (id, offer_id, product_id) VALUES (gen_random_uuid(), 'd58a1602-0253-4c8c-8cee-8fd885d53897', 26);
INSERT INTO ecommerce.offers (offer_id, offer_name, criteria_type, product_scope, product_id, required_count, required_value, reward_type, free_product_id, free_product_qty, discount_percentage, start_datetime, end_datetime, status, promotion_group, created_at, updated_at) VALUES ('4c71fc5a-713b-4cce-ba03-d8f172c927fc', 'Acrylic Magnet Customized — Buy 10 Get 3 Free', 'PURCHASE_COUNT', 'MULTIPLE_PRODUCT', NULL, 10, NULL, 'FREE_PRODUCT', 20, 3, NULL, '2026-07-15T18:30:00+00:00', '2026-07-19T18:29:59+00:00', 'ACTIVE', 'ACRYLIC_MAGNET_CUSTOMIZED', NOW(), NOW()) ON CONFLICT (offer_id) DO UPDATE SET offer_name=EXCLUDED.offer_name, criteria_type=EXCLUDED.criteria_type, product_scope=EXCLUDED.product_scope, required_count=EXCLUDED.required_count, required_value=EXCLUDED.required_value, free_product_id=EXCLUDED.free_product_id, free_product_qty=EXCLUDED.free_product_qty, promotion_group=EXCLUDED.promotion_group, start_datetime=EXCLUDED.start_datetime, end_datetime=EXCLUDED.end_datetime, status=EXCLUDED.status;
DELETE FROM ecommerce.offer_qualifying_products WHERE offer_id = '4c71fc5a-713b-4cce-ba03-d8f172c927fc';
INSERT INTO ecommerce.offer_qualifying_products (id, offer_id, product_id) VALUES (gen_random_uuid(), '4c71fc5a-713b-4cce-ba03-d8f172c927fc', 20);
INSERT INTO ecommerce.offer_qualifying_products (id, offer_id, product_id) VALUES (gen_random_uuid(), '4c71fc5a-713b-4cce-ba03-d8f172c927fc', 21);
INSERT INTO ecommerce.offer_qualifying_products (id, offer_id, product_id) VALUES (gen_random_uuid(), '4c71fc5a-713b-4cce-ba03-d8f172c927fc', 22);
INSERT INTO ecommerce.offer_qualifying_products (id, offer_id, product_id) VALUES (gen_random_uuid(), '4c71fc5a-713b-4cce-ba03-d8f172c927fc', 23);
INSERT INTO ecommerce.offer_qualifying_products (id, offer_id, product_id) VALUES (gen_random_uuid(), '4c71fc5a-713b-4cce-ba03-d8f172c927fc', 24);
INSERT INTO ecommerce.offer_qualifying_products (id, offer_id, product_id) VALUES (gen_random_uuid(), '4c71fc5a-713b-4cce-ba03-d8f172c927fc', 25);
INSERT INTO ecommerce.offer_qualifying_products (id, offer_id, product_id) VALUES (gen_random_uuid(), '4c71fc5a-713b-4cce-ba03-d8f172c927fc', 26);
INSERT INTO ecommerce.offers (offer_id, offer_name, criteria_type, product_scope, product_id, required_count, required_value, reward_type, free_product_id, free_product_qty, discount_percentage, start_datetime, end_datetime, status, promotion_group, created_at, updated_at) VALUES ('7245191d-0deb-475e-951d-bcd8e705f875', 'Acrylic Magnet Customized — Buy 15 Get 4 Free', 'PURCHASE_COUNT', 'MULTIPLE_PRODUCT', NULL, 15, NULL, 'FREE_PRODUCT', 20, 4, NULL, '2026-07-15T18:30:00+00:00', '2026-07-19T18:29:59+00:00', 'ACTIVE', 'ACRYLIC_MAGNET_CUSTOMIZED', NOW(), NOW()) ON CONFLICT (offer_id) DO UPDATE SET offer_name=EXCLUDED.offer_name, criteria_type=EXCLUDED.criteria_type, product_scope=EXCLUDED.product_scope, required_count=EXCLUDED.required_count, required_value=EXCLUDED.required_value, free_product_id=EXCLUDED.free_product_id, free_product_qty=EXCLUDED.free_product_qty, promotion_group=EXCLUDED.promotion_group, start_datetime=EXCLUDED.start_datetime, end_datetime=EXCLUDED.end_datetime, status=EXCLUDED.status;
DELETE FROM ecommerce.offer_qualifying_products WHERE offer_id = '7245191d-0deb-475e-951d-bcd8e705f875';
INSERT INTO ecommerce.offer_qualifying_products (id, offer_id, product_id) VALUES (gen_random_uuid(), '7245191d-0deb-475e-951d-bcd8e705f875', 20);
INSERT INTO ecommerce.offer_qualifying_products (id, offer_id, product_id) VALUES (gen_random_uuid(), '7245191d-0deb-475e-951d-bcd8e705f875', 21);
INSERT INTO ecommerce.offer_qualifying_products (id, offer_id, product_id) VALUES (gen_random_uuid(), '7245191d-0deb-475e-951d-bcd8e705f875', 22);
INSERT INTO ecommerce.offer_qualifying_products (id, offer_id, product_id) VALUES (gen_random_uuid(), '7245191d-0deb-475e-951d-bcd8e705f875', 23);
INSERT INTO ecommerce.offer_qualifying_products (id, offer_id, product_id) VALUES (gen_random_uuid(), '7245191d-0deb-475e-951d-bcd8e705f875', 24);
INSERT INTO ecommerce.offer_qualifying_products (id, offer_id, product_id) VALUES (gen_random_uuid(), '7245191d-0deb-475e-951d-bcd8e705f875', 25);
INSERT INTO ecommerce.offer_qualifying_products (id, offer_id, product_id) VALUES (gen_random_uuid(), '7245191d-0deb-475e-951d-bcd8e705f875', 26);
INSERT INTO ecommerce.offers (offer_id, offer_name, criteria_type, product_scope, product_id, required_count, required_value, reward_type, free_product_id, free_product_qty, discount_percentage, start_datetime, end_datetime, status, promotion_group, created_at, updated_at) VALUES ('a1676dd7-1411-4fd2-b7aa-7556d2b55fbd', 'Grand Opening — Spend ₹1299 Get 4x4 Mini Frame Free', 'PURCHASE_VALUE', 'ALL_PRODUCTS', NULL, NULL, 1299.00, 'FREE_PRODUCT', 118, 1, NULL, '2026-07-15T18:30:00+00:00', '2026-07-31T18:29:59+00:00', 'ACTIVE', 'GRAND_OPENING', NOW(), NOW()) ON CONFLICT (offer_id) DO UPDATE SET offer_name=EXCLUDED.offer_name, criteria_type=EXCLUDED.criteria_type, product_scope=EXCLUDED.product_scope, required_count=EXCLUDED.required_count, required_value=EXCLUDED.required_value, free_product_id=EXCLUDED.free_product_id, free_product_qty=EXCLUDED.free_product_qty, promotion_group=EXCLUDED.promotion_group, start_datetime=EXCLUDED.start_datetime, end_datetime=EXCLUDED.end_datetime, status=EXCLUDED.status;
INSERT INTO ecommerce.offers (offer_id, offer_name, criteria_type, product_scope, product_id, required_count, required_value, reward_type, free_product_id, free_product_qty, discount_percentage, start_datetime, end_datetime, status, promotion_group, created_at, updated_at) VALUES ('097bd225-3e5c-4199-8f17-006046d01b66', 'Grand Opening — Spend ₹1999 Get 7x5 Frame Free', 'PURCHASE_VALUE', 'ALL_PRODUCTS', NULL, NULL, 1999.00, 'FREE_PRODUCT', 105, 1, NULL, '2026-07-15T18:30:00+00:00', '2026-07-31T18:29:59+00:00', 'ACTIVE', 'GRAND_OPENING', NOW(), NOW()) ON CONFLICT (offer_id) DO UPDATE SET offer_name=EXCLUDED.offer_name, criteria_type=EXCLUDED.criteria_type, product_scope=EXCLUDED.product_scope, required_count=EXCLUDED.required_count, required_value=EXCLUDED.required_value, free_product_id=EXCLUDED.free_product_id, free_product_qty=EXCLUDED.free_product_qty, promotion_group=EXCLUDED.promotion_group, start_datetime=EXCLUDED.start_datetime, end_datetime=EXCLUDED.end_datetime, status=EXCLUDED.status;
INSERT INTO ecommerce.offers (offer_id, offer_name, criteria_type, product_scope, product_id, required_count, required_value, reward_type, free_product_id, free_product_qty, discount_percentage, start_datetime, end_datetime, status, promotion_group, created_at, updated_at) VALUES ('986d35be-b0cf-454b-acf2-b4ef25e219fd', 'Grand Opening — Spend ₹2399 Get 8x6 Frame Free', 'PURCHASE_VALUE', 'ALL_PRODUCTS', NULL, NULL, 2399.00, 'FREE_PRODUCT', 105, 1, NULL, '2026-07-15T18:30:00+00:00', '2026-07-31T18:29:59+00:00', 'ACTIVE', 'GRAND_OPENING', NOW(), NOW()) ON CONFLICT (offer_id) DO UPDATE SET offer_name=EXCLUDED.offer_name, criteria_type=EXCLUDED.criteria_type, product_scope=EXCLUDED.product_scope, required_count=EXCLUDED.required_count, required_value=EXCLUDED.required_value, free_product_id=EXCLUDED.free_product_id, free_product_qty=EXCLUDED.free_product_qty, promotion_group=EXCLUDED.promotion_group, start_datetime=EXCLUDED.start_datetime, end_datetime=EXCLUDED.end_datetime, status=EXCLUDED.status;
INSERT INTO ecommerce.offers (offer_id, offer_name, criteria_type, product_scope, product_id, required_count, required_value, reward_type, free_product_id, free_product_qty, discount_percentage, start_datetime, end_datetime, status, promotion_group, created_at, updated_at) VALUES ('31e31907-fc1b-4365-ad97-8b00feee21a9', 'Grand Opening — Spend ₹3499 Get 12x8 Frame Free', 'PURCHASE_VALUE', 'ALL_PRODUCTS', NULL, NULL, 3499.00, 'FREE_PRODUCT', 105, 1, NULL, '2026-07-15T18:30:00+00:00', '2026-07-31T18:29:59+00:00', 'ACTIVE', 'GRAND_OPENING', NOW(), NOW()) ON CONFLICT (offer_id) DO UPDATE SET offer_name=EXCLUDED.offer_name, criteria_type=EXCLUDED.criteria_type, product_scope=EXCLUDED.product_scope, required_count=EXCLUDED.required_count, required_value=EXCLUDED.required_value, free_product_id=EXCLUDED.free_product_id, free_product_qty=EXCLUDED.free_product_qty, promotion_group=EXCLUDED.promotion_group, start_datetime=EXCLUDED.start_datetime, end_datetime=EXCLUDED.end_datetime, status=EXCLUDED.status;
INSERT INTO ecommerce.offers (offer_id, offer_name, criteria_type, product_scope, product_id, required_count, required_value, reward_type, free_product_id, free_product_qty, discount_percentage, start_datetime, end_datetime, status, promotion_group, created_at, updated_at) VALUES ('1f620da7-405d-49bb-855b-1e7a56e9463e', 'Metal Magnet Customized — Buy 5 Get 1 Free', 'PURCHASE_COUNT', 'MULTIPLE_PRODUCT', NULL, 5, NULL, 'FREE_PRODUCT', 16, 1, NULL, '2026-07-15T18:30:00+00:00', '2026-07-19T18:29:59+00:00', 'ACTIVE', 'METAL_MAGNET_CUSTOMIZED', NOW(), NOW()) ON CONFLICT (offer_id) DO UPDATE SET offer_name=EXCLUDED.offer_name, criteria_type=EXCLUDED.criteria_type, product_scope=EXCLUDED.product_scope, required_count=EXCLUDED.required_count, required_value=EXCLUDED.required_value, free_product_id=EXCLUDED.free_product_id, free_product_qty=EXCLUDED.free_product_qty, promotion_group=EXCLUDED.promotion_group, start_datetime=EXCLUDED.start_datetime, end_datetime=EXCLUDED.end_datetime, status=EXCLUDED.status;
DELETE FROM ecommerce.offer_qualifying_products WHERE offer_id = '1f620da7-405d-49bb-855b-1e7a56e9463e';
INSERT INTO ecommerce.offer_qualifying_products (id, offer_id, product_id) VALUES (gen_random_uuid(), '1f620da7-405d-49bb-855b-1e7a56e9463e', 16);
INSERT INTO ecommerce.offer_qualifying_products (id, offer_id, product_id) VALUES (gen_random_uuid(), '1f620da7-405d-49bb-855b-1e7a56e9463e', 17);
INSERT INTO ecommerce.offer_qualifying_products (id, offer_id, product_id) VALUES (gen_random_uuid(), '1f620da7-405d-49bb-855b-1e7a56e9463e', 18);
INSERT INTO ecommerce.offer_qualifying_products (id, offer_id, product_id) VALUES (gen_random_uuid(), '1f620da7-405d-49bb-855b-1e7a56e9463e', 19);
INSERT INTO ecommerce.offers (offer_id, offer_name, criteria_type, product_scope, product_id, required_count, required_value, reward_type, free_product_id, free_product_qty, discount_percentage, start_datetime, end_datetime, status, promotion_group, created_at, updated_at) VALUES ('47157e5b-53ed-4182-8f98-77633b562fad', 'Metal Magnet Customized — Buy 10 Get 3 Free', 'PURCHASE_COUNT', 'MULTIPLE_PRODUCT', NULL, 10, NULL, 'FREE_PRODUCT', 16, 3, NULL, '2026-07-15T18:30:00+00:00', '2026-07-19T18:29:59+00:00', 'ACTIVE', 'METAL_MAGNET_CUSTOMIZED', NOW(), NOW()) ON CONFLICT (offer_id) DO UPDATE SET offer_name=EXCLUDED.offer_name, criteria_type=EXCLUDED.criteria_type, product_scope=EXCLUDED.product_scope, required_count=EXCLUDED.required_count, required_value=EXCLUDED.required_value, free_product_id=EXCLUDED.free_product_id, free_product_qty=EXCLUDED.free_product_qty, promotion_group=EXCLUDED.promotion_group, start_datetime=EXCLUDED.start_datetime, end_datetime=EXCLUDED.end_datetime, status=EXCLUDED.status;
DELETE FROM ecommerce.offer_qualifying_products WHERE offer_id = '47157e5b-53ed-4182-8f98-77633b562fad';
INSERT INTO ecommerce.offer_qualifying_products (id, offer_id, product_id) VALUES (gen_random_uuid(), '47157e5b-53ed-4182-8f98-77633b562fad', 16);
INSERT INTO ecommerce.offer_qualifying_products (id, offer_id, product_id) VALUES (gen_random_uuid(), '47157e5b-53ed-4182-8f98-77633b562fad', 17);
INSERT INTO ecommerce.offer_qualifying_products (id, offer_id, product_id) VALUES (gen_random_uuid(), '47157e5b-53ed-4182-8f98-77633b562fad', 18);
INSERT INTO ecommerce.offer_qualifying_products (id, offer_id, product_id) VALUES (gen_random_uuid(), '47157e5b-53ed-4182-8f98-77633b562fad', 19);
INSERT INTO ecommerce.offers (offer_id, offer_name, criteria_type, product_scope, product_id, required_count, required_value, reward_type, free_product_id, free_product_qty, discount_percentage, start_datetime, end_datetime, status, promotion_group, created_at, updated_at) VALUES ('dcde6c87-178f-451f-843c-0d498c40faf0', 'Metal Magnet Customized — Buy 12 Get 4 Free', 'PURCHASE_COUNT', 'MULTIPLE_PRODUCT', NULL, 12, NULL, 'FREE_PRODUCT', 16, 4, NULL, '2026-07-15T18:30:00+00:00', '2026-07-19T18:29:59+00:00', 'ACTIVE', 'METAL_MAGNET_CUSTOMIZED', NOW(), NOW()) ON CONFLICT (offer_id) DO UPDATE SET offer_name=EXCLUDED.offer_name, criteria_type=EXCLUDED.criteria_type, product_scope=EXCLUDED.product_scope, required_count=EXCLUDED.required_count, required_value=EXCLUDED.required_value, free_product_id=EXCLUDED.free_product_id, free_product_qty=EXCLUDED.free_product_qty, promotion_group=EXCLUDED.promotion_group, start_datetime=EXCLUDED.start_datetime, end_datetime=EXCLUDED.end_datetime, status=EXCLUDED.status;
DELETE FROM ecommerce.offer_qualifying_products WHERE offer_id = 'dcde6c87-178f-451f-843c-0d498c40faf0';
INSERT INTO ecommerce.offer_qualifying_products (id, offer_id, product_id) VALUES (gen_random_uuid(), 'dcde6c87-178f-451f-843c-0d498c40faf0', 16);
INSERT INTO ecommerce.offer_qualifying_products (id, offer_id, product_id) VALUES (gen_random_uuid(), 'dcde6c87-178f-451f-843c-0d498c40faf0', 17);
INSERT INTO ecommerce.offer_qualifying_products (id, offer_id, product_id) VALUES (gen_random_uuid(), 'dcde6c87-178f-451f-843c-0d498c40faf0', 18);
INSERT INTO ecommerce.offer_qualifying_products (id, offer_id, product_id) VALUES (gen_random_uuid(), 'dcde6c87-178f-451f-843c-0d498c40faf0', 19);
INSERT INTO ecommerce.offers (offer_id, offer_name, criteria_type, product_scope, product_id, required_count, required_value, reward_type, free_product_id, free_product_qty, discount_percentage, start_datetime, end_datetime, status, promotion_group, created_at, updated_at) VALUES ('d04dc93b-c21a-4497-8665-7e93ab72875c', 'Metal Magnet Pre-Designed — Buy 7 Get 2 Free', 'PURCHASE_COUNT', 'MULTIPLE_PRODUCT', NULL, 7, NULL, 'FREE_PRODUCT', 16, 2, NULL, '2026-07-15T18:30:00+00:00', '2026-07-19T18:29:59+00:00', 'ACTIVE', 'METAL_MAGNET_PREDESIGNED', NOW(), NOW()) ON CONFLICT (offer_id) DO UPDATE SET offer_name=EXCLUDED.offer_name, criteria_type=EXCLUDED.criteria_type, product_scope=EXCLUDED.product_scope, required_count=EXCLUDED.required_count, required_value=EXCLUDED.required_value, free_product_id=EXCLUDED.free_product_id, free_product_qty=EXCLUDED.free_product_qty, promotion_group=EXCLUDED.promotion_group, start_datetime=EXCLUDED.start_datetime, end_datetime=EXCLUDED.end_datetime, status=EXCLUDED.status;
DELETE FROM ecommerce.offer_qualifying_products WHERE offer_id = 'd04dc93b-c21a-4497-8665-7e93ab72875c';
INSERT INTO ecommerce.offer_qualifying_products (id, offer_id, product_id) VALUES (gen_random_uuid(), 'd04dc93b-c21a-4497-8665-7e93ab72875c', 16);
INSERT INTO ecommerce.offer_qualifying_products (id, offer_id, product_id) VALUES (gen_random_uuid(), 'd04dc93b-c21a-4497-8665-7e93ab72875c', 17);
INSERT INTO ecommerce.offer_qualifying_products (id, offer_id, product_id) VALUES (gen_random_uuid(), 'd04dc93b-c21a-4497-8665-7e93ab72875c', 18);
INSERT INTO ecommerce.offer_qualifying_products (id, offer_id, product_id) VALUES (gen_random_uuid(), 'd04dc93b-c21a-4497-8665-7e93ab72875c', 19);
INSERT INTO ecommerce.offers (offer_id, offer_name, criteria_type, product_scope, product_id, required_count, required_value, reward_type, free_product_id, free_product_qty, discount_percentage, start_datetime, end_datetime, status, promotion_group, created_at, updated_at) VALUES ('bbda832c-3ac2-48a3-b3e8-1ac2807e948f', 'Metal Magnet Pre-Designed — Buy 12 Get 3 Free', 'PURCHASE_COUNT', 'MULTIPLE_PRODUCT', NULL, 12, NULL, 'FREE_PRODUCT', 16, 3, NULL, '2026-07-15T18:30:00+00:00', '2026-07-19T18:29:59+00:00', 'ACTIVE', 'METAL_MAGNET_PREDESIGNED', NOW(), NOW()) ON CONFLICT (offer_id) DO UPDATE SET offer_name=EXCLUDED.offer_name, criteria_type=EXCLUDED.criteria_type, product_scope=EXCLUDED.product_scope, required_count=EXCLUDED.required_count, required_value=EXCLUDED.required_value, free_product_id=EXCLUDED.free_product_id, free_product_qty=EXCLUDED.free_product_qty, promotion_group=EXCLUDED.promotion_group, start_datetime=EXCLUDED.start_datetime, end_datetime=EXCLUDED.end_datetime, status=EXCLUDED.status;
DELETE FROM ecommerce.offer_qualifying_products WHERE offer_id = 'bbda832c-3ac2-48a3-b3e8-1ac2807e948f';
INSERT INTO ecommerce.offer_qualifying_products (id, offer_id, product_id) VALUES (gen_random_uuid(), 'bbda832c-3ac2-48a3-b3e8-1ac2807e948f', 16);
INSERT INTO ecommerce.offer_qualifying_products (id, offer_id, product_id) VALUES (gen_random_uuid(), 'bbda832c-3ac2-48a3-b3e8-1ac2807e948f', 17);
INSERT INTO ecommerce.offer_qualifying_products (id, offer_id, product_id) VALUES (gen_random_uuid(), 'bbda832c-3ac2-48a3-b3e8-1ac2807e948f', 18);
INSERT INTO ecommerce.offer_qualifying_products (id, offer_id, product_id) VALUES (gen_random_uuid(), 'bbda832c-3ac2-48a3-b3e8-1ac2807e948f', 19);
INSERT INTO ecommerce.offers (offer_id, offer_name, criteria_type, product_scope, product_id, required_count, required_value, reward_type, free_product_id, free_product_qty, discount_percentage, start_datetime, end_datetime, status, promotion_group, created_at, updated_at) VALUES ('14759b4d-e541-4625-a99d-9ef91b9a98cd', 'Metal Magnet Pre-Designed — Buy 15 Get 4 Free', 'PURCHASE_COUNT', 'MULTIPLE_PRODUCT', NULL, 15, NULL, 'FREE_PRODUCT', 16, 4, NULL, '2026-07-15T18:30:00+00:00', '2026-07-19T18:29:59+00:00', 'ACTIVE', 'METAL_MAGNET_PREDESIGNED', NOW(), NOW()) ON CONFLICT (offer_id) DO UPDATE SET offer_name=EXCLUDED.offer_name, criteria_type=EXCLUDED.criteria_type, product_scope=EXCLUDED.product_scope, required_count=EXCLUDED.required_count, required_value=EXCLUDED.required_value, free_product_id=EXCLUDED.free_product_id, free_product_qty=EXCLUDED.free_product_qty, promotion_group=EXCLUDED.promotion_group, start_datetime=EXCLUDED.start_datetime, end_datetime=EXCLUDED.end_datetime, status=EXCLUDED.status;
DELETE FROM ecommerce.offer_qualifying_products WHERE offer_id = '14759b4d-e541-4625-a99d-9ef91b9a98cd';
INSERT INTO ecommerce.offer_qualifying_products (id, offer_id, product_id) VALUES (gen_random_uuid(), '14759b4d-e541-4625-a99d-9ef91b9a98cd', 16);
INSERT INTO ecommerce.offer_qualifying_products (id, offer_id, product_id) VALUES (gen_random_uuid(), '14759b4d-e541-4625-a99d-9ef91b9a98cd', 17);
INSERT INTO ecommerce.offer_qualifying_products (id, offer_id, product_id) VALUES (gen_random_uuid(), '14759b4d-e541-4625-a99d-9ef91b9a98cd', 18);
INSERT INTO ecommerce.offer_qualifying_products (id, offer_id, product_id) VALUES (gen_random_uuid(), '14759b4d-e541-4625-a99d-9ef91b9a98cd', 19);
INSERT INTO ecommerce.offers (offer_id, offer_name, criteria_type, product_scope, product_id, required_count, required_value, reward_type, free_product_id, free_product_qty, discount_percentage, start_datetime, end_datetime, status, promotion_group, created_at, updated_at) VALUES ('24cba658-fc34-4aa7-94c5-4cb399b4d87f', 'Polaroid Customized — Buy 10 Get 2 Free', 'PURCHASE_COUNT', 'MULTIPLE_PRODUCT', NULL, 10, NULL, 'FREE_PRODUCT', 53, 2, NULL, '2026-07-15T18:30:00+00:00', '2026-07-19T18:29:59+00:00', 'ACTIVE', 'POLAROID_CUSTOMIZED', NOW(), NOW()) ON CONFLICT (offer_id) DO UPDATE SET offer_name=EXCLUDED.offer_name, criteria_type=EXCLUDED.criteria_type, product_scope=EXCLUDED.product_scope, required_count=EXCLUDED.required_count, required_value=EXCLUDED.required_value, free_product_id=EXCLUDED.free_product_id, free_product_qty=EXCLUDED.free_product_qty, promotion_group=EXCLUDED.promotion_group, start_datetime=EXCLUDED.start_datetime, end_datetime=EXCLUDED.end_datetime, status=EXCLUDED.status;
DELETE FROM ecommerce.offer_qualifying_products WHERE offer_id = '24cba658-fc34-4aa7-94c5-4cb399b4d87f';
INSERT INTO ecommerce.offer_qualifying_products (id, offer_id, product_id) VALUES (gen_random_uuid(), '24cba658-fc34-4aa7-94c5-4cb399b4d87f', 50);
INSERT INTO ecommerce.offer_qualifying_products (id, offer_id, product_id) VALUES (gen_random_uuid(), '24cba658-fc34-4aa7-94c5-4cb399b4d87f', 51);
INSERT INTO ecommerce.offer_qualifying_products (id, offer_id, product_id) VALUES (gen_random_uuid(), '24cba658-fc34-4aa7-94c5-4cb399b4d87f', 52);
INSERT INTO ecommerce.offer_qualifying_products (id, offer_id, product_id) VALUES (gen_random_uuid(), '24cba658-fc34-4aa7-94c5-4cb399b4d87f', 53);
INSERT INTO ecommerce.offer_qualifying_products (id, offer_id, product_id) VALUES (gen_random_uuid(), '24cba658-fc34-4aa7-94c5-4cb399b4d87f', 54);
INSERT INTO ecommerce.offer_qualifying_products (id, offer_id, product_id) VALUES (gen_random_uuid(), '24cba658-fc34-4aa7-94c5-4cb399b4d87f', 55);
INSERT INTO ecommerce.offer_qualifying_products (id, offer_id, product_id) VALUES (gen_random_uuid(), '24cba658-fc34-4aa7-94c5-4cb399b4d87f', 56);
INSERT INTO ecommerce.offer_qualifying_products (id, offer_id, product_id) VALUES (gen_random_uuid(), '24cba658-fc34-4aa7-94c5-4cb399b4d87f', 57);
INSERT INTO ecommerce.offer_qualifying_products (id, offer_id, product_id) VALUES (gen_random_uuid(), '24cba658-fc34-4aa7-94c5-4cb399b4d87f', 58);
INSERT INTO ecommerce.offer_qualifying_products (id, offer_id, product_id) VALUES (gen_random_uuid(), '24cba658-fc34-4aa7-94c5-4cb399b4d87f', 59);
INSERT INTO ecommerce.offer_qualifying_products (id, offer_id, product_id) VALUES (gen_random_uuid(), '24cba658-fc34-4aa7-94c5-4cb399b4d87f', 60);
INSERT INTO ecommerce.offers (offer_id, offer_name, criteria_type, product_scope, product_id, required_count, required_value, reward_type, free_product_id, free_product_qty, discount_percentage, start_datetime, end_datetime, status, promotion_group, created_at, updated_at) VALUES ('05714570-6233-466e-93b4-d4f701eb1c5c', 'Polaroid Customized — Buy 16 Get 4 Free', 'PURCHASE_COUNT', 'MULTIPLE_PRODUCT', NULL, 16, NULL, 'FREE_PRODUCT', 53, 4, NULL, '2026-07-15T18:30:00+00:00', '2026-07-19T18:29:59+00:00', 'ACTIVE', 'POLAROID_CUSTOMIZED', NOW(), NOW()) ON CONFLICT (offer_id) DO UPDATE SET offer_name=EXCLUDED.offer_name, criteria_type=EXCLUDED.criteria_type, product_scope=EXCLUDED.product_scope, required_count=EXCLUDED.required_count, required_value=EXCLUDED.required_value, free_product_id=EXCLUDED.free_product_id, free_product_qty=EXCLUDED.free_product_qty, promotion_group=EXCLUDED.promotion_group, start_datetime=EXCLUDED.start_datetime, end_datetime=EXCLUDED.end_datetime, status=EXCLUDED.status;
DELETE FROM ecommerce.offer_qualifying_products WHERE offer_id = '05714570-6233-466e-93b4-d4f701eb1c5c';
INSERT INTO ecommerce.offer_qualifying_products (id, offer_id, product_id) VALUES (gen_random_uuid(), '05714570-6233-466e-93b4-d4f701eb1c5c', 50);
INSERT INTO ecommerce.offer_qualifying_products (id, offer_id, product_id) VALUES (gen_random_uuid(), '05714570-6233-466e-93b4-d4f701eb1c5c', 51);
INSERT INTO ecommerce.offer_qualifying_products (id, offer_id, product_id) VALUES (gen_random_uuid(), '05714570-6233-466e-93b4-d4f701eb1c5c', 52);
INSERT INTO ecommerce.offer_qualifying_products (id, offer_id, product_id) VALUES (gen_random_uuid(), '05714570-6233-466e-93b4-d4f701eb1c5c', 53);
INSERT INTO ecommerce.offer_qualifying_products (id, offer_id, product_id) VALUES (gen_random_uuid(), '05714570-6233-466e-93b4-d4f701eb1c5c', 54);
INSERT INTO ecommerce.offer_qualifying_products (id, offer_id, product_id) VALUES (gen_random_uuid(), '05714570-6233-466e-93b4-d4f701eb1c5c', 55);
INSERT INTO ecommerce.offer_qualifying_products (id, offer_id, product_id) VALUES (gen_random_uuid(), '05714570-6233-466e-93b4-d4f701eb1c5c', 56);
INSERT INTO ecommerce.offer_qualifying_products (id, offer_id, product_id) VALUES (gen_random_uuid(), '05714570-6233-466e-93b4-d4f701eb1c5c', 57);
INSERT INTO ecommerce.offer_qualifying_products (id, offer_id, product_id) VALUES (gen_random_uuid(), '05714570-6233-466e-93b4-d4f701eb1c5c', 58);
INSERT INTO ecommerce.offer_qualifying_products (id, offer_id, product_id) VALUES (gen_random_uuid(), '05714570-6233-466e-93b4-d4f701eb1c5c', 59);
INSERT INTO ecommerce.offer_qualifying_products (id, offer_id, product_id) VALUES (gen_random_uuid(), '05714570-6233-466e-93b4-d4f701eb1c5c', 60);
INSERT INTO ecommerce.offers (offer_id, offer_name, criteria_type, product_scope, product_id, required_count, required_value, reward_type, free_product_id, free_product_qty, discount_percentage, start_datetime, end_datetime, status, promotion_group, created_at, updated_at) VALUES ('a708ab62-46b7-4079-8d85-9ac468a483af', 'Polaroid Customized — Buy 22 Get 7 Free', 'PURCHASE_COUNT', 'MULTIPLE_PRODUCT', NULL, 22, NULL, 'FREE_PRODUCT', 53, 7, NULL, '2026-07-15T18:30:00+00:00', '2026-07-19T18:29:59+00:00', 'ACTIVE', 'POLAROID_CUSTOMIZED', NOW(), NOW()) ON CONFLICT (offer_id) DO UPDATE SET offer_name=EXCLUDED.offer_name, criteria_type=EXCLUDED.criteria_type, product_scope=EXCLUDED.product_scope, required_count=EXCLUDED.required_count, required_value=EXCLUDED.required_value, free_product_id=EXCLUDED.free_product_id, free_product_qty=EXCLUDED.free_product_qty, promotion_group=EXCLUDED.promotion_group, start_datetime=EXCLUDED.start_datetime, end_datetime=EXCLUDED.end_datetime, status=EXCLUDED.status;
DELETE FROM ecommerce.offer_qualifying_products WHERE offer_id = 'a708ab62-46b7-4079-8d85-9ac468a483af';
INSERT INTO ecommerce.offer_qualifying_products (id, offer_id, product_id) VALUES (gen_random_uuid(), 'a708ab62-46b7-4079-8d85-9ac468a483af', 50);
INSERT INTO ecommerce.offer_qualifying_products (id, offer_id, product_id) VALUES (gen_random_uuid(), 'a708ab62-46b7-4079-8d85-9ac468a483af', 51);
INSERT INTO ecommerce.offer_qualifying_products (id, offer_id, product_id) VALUES (gen_random_uuid(), 'a708ab62-46b7-4079-8d85-9ac468a483af', 52);
INSERT INTO ecommerce.offer_qualifying_products (id, offer_id, product_id) VALUES (gen_random_uuid(), 'a708ab62-46b7-4079-8d85-9ac468a483af', 53);
INSERT INTO ecommerce.offer_qualifying_products (id, offer_id, product_id) VALUES (gen_random_uuid(), 'a708ab62-46b7-4079-8d85-9ac468a483af', 54);
INSERT INTO ecommerce.offer_qualifying_products (id, offer_id, product_id) VALUES (gen_random_uuid(), 'a708ab62-46b7-4079-8d85-9ac468a483af', 55);
INSERT INTO ecommerce.offer_qualifying_products (id, offer_id, product_id) VALUES (gen_random_uuid(), 'a708ab62-46b7-4079-8d85-9ac468a483af', 56);
INSERT INTO ecommerce.offer_qualifying_products (id, offer_id, product_id) VALUES (gen_random_uuid(), 'a708ab62-46b7-4079-8d85-9ac468a483af', 57);
INSERT INTO ecommerce.offer_qualifying_products (id, offer_id, product_id) VALUES (gen_random_uuid(), 'a708ab62-46b7-4079-8d85-9ac468a483af', 58);
INSERT INTO ecommerce.offer_qualifying_products (id, offer_id, product_id) VALUES (gen_random_uuid(), 'a708ab62-46b7-4079-8d85-9ac468a483af', 59);
INSERT INTO ecommerce.offer_qualifying_products (id, offer_id, product_id) VALUES (gen_random_uuid(), 'a708ab62-46b7-4079-8d85-9ac468a483af', 60);
INSERT INTO ecommerce.offers (offer_id, offer_name, criteria_type, product_scope, product_id, required_count, required_value, reward_type, free_product_id, free_product_qty, discount_percentage, start_datetime, end_datetime, status, promotion_group, created_at, updated_at) VALUES ('3b4c929e-1397-495a-a989-a03d84d9ca83', 'Polaroid Customized — Buy 33 Get 10 Free', 'PURCHASE_COUNT', 'MULTIPLE_PRODUCT', NULL, 33, NULL, 'FREE_PRODUCT', 53, 10, NULL, '2026-07-15T18:30:00+00:00', '2026-07-19T18:29:59+00:00', 'ACTIVE', 'POLAROID_CUSTOMIZED', NOW(), NOW()) ON CONFLICT (offer_id) DO UPDATE SET offer_name=EXCLUDED.offer_name, criteria_type=EXCLUDED.criteria_type, product_scope=EXCLUDED.product_scope, required_count=EXCLUDED.required_count, required_value=EXCLUDED.required_value, free_product_id=EXCLUDED.free_product_id, free_product_qty=EXCLUDED.free_product_qty, promotion_group=EXCLUDED.promotion_group, start_datetime=EXCLUDED.start_datetime, end_datetime=EXCLUDED.end_datetime, status=EXCLUDED.status;
DELETE FROM ecommerce.offer_qualifying_products WHERE offer_id = '3b4c929e-1397-495a-a989-a03d84d9ca83';
INSERT INTO ecommerce.offer_qualifying_products (id, offer_id, product_id) VALUES (gen_random_uuid(), '3b4c929e-1397-495a-a989-a03d84d9ca83', 50);
INSERT INTO ecommerce.offer_qualifying_products (id, offer_id, product_id) VALUES (gen_random_uuid(), '3b4c929e-1397-495a-a989-a03d84d9ca83', 51);
INSERT INTO ecommerce.offer_qualifying_products (id, offer_id, product_id) VALUES (gen_random_uuid(), '3b4c929e-1397-495a-a989-a03d84d9ca83', 52);
INSERT INTO ecommerce.offer_qualifying_products (id, offer_id, product_id) VALUES (gen_random_uuid(), '3b4c929e-1397-495a-a989-a03d84d9ca83', 53);
INSERT INTO ecommerce.offer_qualifying_products (id, offer_id, product_id) VALUES (gen_random_uuid(), '3b4c929e-1397-495a-a989-a03d84d9ca83', 54);
INSERT INTO ecommerce.offer_qualifying_products (id, offer_id, product_id) VALUES (gen_random_uuid(), '3b4c929e-1397-495a-a989-a03d84d9ca83', 55);
INSERT INTO ecommerce.offer_qualifying_products (id, offer_id, product_id) VALUES (gen_random_uuid(), '3b4c929e-1397-495a-a989-a03d84d9ca83', 56);
INSERT INTO ecommerce.offer_qualifying_products (id, offer_id, product_id) VALUES (gen_random_uuid(), '3b4c929e-1397-495a-a989-a03d84d9ca83', 57);
INSERT INTO ecommerce.offer_qualifying_products (id, offer_id, product_id) VALUES (gen_random_uuid(), '3b4c929e-1397-495a-a989-a03d84d9ca83', 58);
INSERT INTO ecommerce.offer_qualifying_products (id, offer_id, product_id) VALUES (gen_random_uuid(), '3b4c929e-1397-495a-a989-a03d84d9ca83', 59);
INSERT INTO ecommerce.offer_qualifying_products (id, offer_id, product_id) VALUES (gen_random_uuid(), '3b4c929e-1397-495a-a989-a03d84d9ca83', 60);
INSERT INTO ecommerce.offers (offer_id, offer_name, criteria_type, product_scope, product_id, required_count, required_value, reward_type, free_product_id, free_product_qty, discount_percentage, start_datetime, end_datetime, status, promotion_group, created_at, updated_at) VALUES ('cfb64206-9d67-4b81-8d9b-4021f85ac440', 'Polaroid Customized — Buy 40 Get 12 Free', 'PURCHASE_COUNT', 'MULTIPLE_PRODUCT', NULL, 40, NULL, 'FREE_PRODUCT', 53, 12, NULL, '2026-07-15T18:30:00+00:00', '2026-07-19T18:29:59+00:00', 'ACTIVE', 'POLAROID_CUSTOMIZED', NOW(), NOW()) ON CONFLICT (offer_id) DO UPDATE SET offer_name=EXCLUDED.offer_name, criteria_type=EXCLUDED.criteria_type, product_scope=EXCLUDED.product_scope, required_count=EXCLUDED.required_count, required_value=EXCLUDED.required_value, free_product_id=EXCLUDED.free_product_id, free_product_qty=EXCLUDED.free_product_qty, promotion_group=EXCLUDED.promotion_group, start_datetime=EXCLUDED.start_datetime, end_datetime=EXCLUDED.end_datetime, status=EXCLUDED.status;
DELETE FROM ecommerce.offer_qualifying_products WHERE offer_id = 'cfb64206-9d67-4b81-8d9b-4021f85ac440';
INSERT INTO ecommerce.offer_qualifying_products (id, offer_id, product_id) VALUES (gen_random_uuid(), 'cfb64206-9d67-4b81-8d9b-4021f85ac440', 50);
INSERT INTO ecommerce.offer_qualifying_products (id, offer_id, product_id) VALUES (gen_random_uuid(), 'cfb64206-9d67-4b81-8d9b-4021f85ac440', 51);
INSERT INTO ecommerce.offer_qualifying_products (id, offer_id, product_id) VALUES (gen_random_uuid(), 'cfb64206-9d67-4b81-8d9b-4021f85ac440', 52);
INSERT INTO ecommerce.offer_qualifying_products (id, offer_id, product_id) VALUES (gen_random_uuid(), 'cfb64206-9d67-4b81-8d9b-4021f85ac440', 53);
INSERT INTO ecommerce.offer_qualifying_products (id, offer_id, product_id) VALUES (gen_random_uuid(), 'cfb64206-9d67-4b81-8d9b-4021f85ac440', 54);
INSERT INTO ecommerce.offer_qualifying_products (id, offer_id, product_id) VALUES (gen_random_uuid(), 'cfb64206-9d67-4b81-8d9b-4021f85ac440', 55);
INSERT INTO ecommerce.offer_qualifying_products (id, offer_id, product_id) VALUES (gen_random_uuid(), 'cfb64206-9d67-4b81-8d9b-4021f85ac440', 56);
INSERT INTO ecommerce.offer_qualifying_products (id, offer_id, product_id) VALUES (gen_random_uuid(), 'cfb64206-9d67-4b81-8d9b-4021f85ac440', 57);
INSERT INTO ecommerce.offer_qualifying_products (id, offer_id, product_id) VALUES (gen_random_uuid(), 'cfb64206-9d67-4b81-8d9b-4021f85ac440', 58);
INSERT INTO ecommerce.offer_qualifying_products (id, offer_id, product_id) VALUES (gen_random_uuid(), 'cfb64206-9d67-4b81-8d9b-4021f85ac440', 59);
INSERT INTO ecommerce.offer_qualifying_products (id, offer_id, product_id) VALUES (gen_random_uuid(), 'cfb64206-9d67-4b81-8d9b-4021f85ac440', 60);
INSERT INTO ecommerce.offers (offer_id, offer_name, criteria_type, product_scope, product_id, required_count, required_value, reward_type, free_product_id, free_product_qty, discount_percentage, start_datetime, end_datetime, status, promotion_group, created_at, updated_at) VALUES ('324bb927-21e0-4fc1-8666-3af4fd48d6ae', 'Polaroid Pre-Designed — Buy 10 Get 3 Free', 'PURCHASE_COUNT', 'MULTIPLE_PRODUCT', NULL, 10, NULL, 'FREE_PRODUCT', 53, 3, NULL, '2026-07-15T18:30:00+00:00', '2026-07-19T18:29:59+00:00', 'ACTIVE', 'POLAROID_PREDESIGNED', NOW(), NOW()) ON CONFLICT (offer_id) DO UPDATE SET offer_name=EXCLUDED.offer_name, criteria_type=EXCLUDED.criteria_type, product_scope=EXCLUDED.product_scope, required_count=EXCLUDED.required_count, required_value=EXCLUDED.required_value, free_product_id=EXCLUDED.free_product_id, free_product_qty=EXCLUDED.free_product_qty, promotion_group=EXCLUDED.promotion_group, start_datetime=EXCLUDED.start_datetime, end_datetime=EXCLUDED.end_datetime, status=EXCLUDED.status;
DELETE FROM ecommerce.offer_qualifying_products WHERE offer_id = '324bb927-21e0-4fc1-8666-3af4fd48d6ae';
INSERT INTO ecommerce.offer_qualifying_products (id, offer_id, product_id) VALUES (gen_random_uuid(), '324bb927-21e0-4fc1-8666-3af4fd48d6ae', 50);
INSERT INTO ecommerce.offer_qualifying_products (id, offer_id, product_id) VALUES (gen_random_uuid(), '324bb927-21e0-4fc1-8666-3af4fd48d6ae', 51);
INSERT INTO ecommerce.offer_qualifying_products (id, offer_id, product_id) VALUES (gen_random_uuid(), '324bb927-21e0-4fc1-8666-3af4fd48d6ae', 52);
INSERT INTO ecommerce.offer_qualifying_products (id, offer_id, product_id) VALUES (gen_random_uuid(), '324bb927-21e0-4fc1-8666-3af4fd48d6ae', 53);
INSERT INTO ecommerce.offer_qualifying_products (id, offer_id, product_id) VALUES (gen_random_uuid(), '324bb927-21e0-4fc1-8666-3af4fd48d6ae', 54);
INSERT INTO ecommerce.offer_qualifying_products (id, offer_id, product_id) VALUES (gen_random_uuid(), '324bb927-21e0-4fc1-8666-3af4fd48d6ae', 55);
INSERT INTO ecommerce.offer_qualifying_products (id, offer_id, product_id) VALUES (gen_random_uuid(), '324bb927-21e0-4fc1-8666-3af4fd48d6ae', 56);
INSERT INTO ecommerce.offer_qualifying_products (id, offer_id, product_id) VALUES (gen_random_uuid(), '324bb927-21e0-4fc1-8666-3af4fd48d6ae', 57);
INSERT INTO ecommerce.offer_qualifying_products (id, offer_id, product_id) VALUES (gen_random_uuid(), '324bb927-21e0-4fc1-8666-3af4fd48d6ae', 58);
INSERT INTO ecommerce.offers (offer_id, offer_name, criteria_type, product_scope, product_id, required_count, required_value, reward_type, free_product_id, free_product_qty, discount_percentage, start_datetime, end_datetime, status, promotion_group, created_at, updated_at) VALUES ('8dbb0ffb-3223-4cb8-920f-db998325fc10', 'Polaroid Pre-Designed — Buy 16 Get 5 Free', 'PURCHASE_COUNT', 'MULTIPLE_PRODUCT', NULL, 16, NULL, 'FREE_PRODUCT', 53, 5, NULL, '2026-07-15T18:30:00+00:00', '2026-07-19T18:29:59+00:00', 'ACTIVE', 'POLAROID_PREDESIGNED', NOW(), NOW()) ON CONFLICT (offer_id) DO UPDATE SET offer_name=EXCLUDED.offer_name, criteria_type=EXCLUDED.criteria_type, product_scope=EXCLUDED.product_scope, required_count=EXCLUDED.required_count, required_value=EXCLUDED.required_value, free_product_id=EXCLUDED.free_product_id, free_product_qty=EXCLUDED.free_product_qty, promotion_group=EXCLUDED.promotion_group, start_datetime=EXCLUDED.start_datetime, end_datetime=EXCLUDED.end_datetime, status=EXCLUDED.status;
DELETE FROM ecommerce.offer_qualifying_products WHERE offer_id = '8dbb0ffb-3223-4cb8-920f-db998325fc10';
INSERT INTO ecommerce.offer_qualifying_products (id, offer_id, product_id) VALUES (gen_random_uuid(), '8dbb0ffb-3223-4cb8-920f-db998325fc10', 50);
INSERT INTO ecommerce.offer_qualifying_products (id, offer_id, product_id) VALUES (gen_random_uuid(), '8dbb0ffb-3223-4cb8-920f-db998325fc10', 51);
INSERT INTO ecommerce.offer_qualifying_products (id, offer_id, product_id) VALUES (gen_random_uuid(), '8dbb0ffb-3223-4cb8-920f-db998325fc10', 52);
INSERT INTO ecommerce.offer_qualifying_products (id, offer_id, product_id) VALUES (gen_random_uuid(), '8dbb0ffb-3223-4cb8-920f-db998325fc10', 53);
INSERT INTO ecommerce.offer_qualifying_products (id, offer_id, product_id) VALUES (gen_random_uuid(), '8dbb0ffb-3223-4cb8-920f-db998325fc10', 54);
INSERT INTO ecommerce.offer_qualifying_products (id, offer_id, product_id) VALUES (gen_random_uuid(), '8dbb0ffb-3223-4cb8-920f-db998325fc10', 55);
INSERT INTO ecommerce.offer_qualifying_products (id, offer_id, product_id) VALUES (gen_random_uuid(), '8dbb0ffb-3223-4cb8-920f-db998325fc10', 56);
INSERT INTO ecommerce.offer_qualifying_products (id, offer_id, product_id) VALUES (gen_random_uuid(), '8dbb0ffb-3223-4cb8-920f-db998325fc10', 57);
INSERT INTO ecommerce.offer_qualifying_products (id, offer_id, product_id) VALUES (gen_random_uuid(), '8dbb0ffb-3223-4cb8-920f-db998325fc10', 58);
INSERT INTO ecommerce.offers (offer_id, offer_name, criteria_type, product_scope, product_id, required_count, required_value, reward_type, free_product_id, free_product_qty, discount_percentage, start_datetime, end_datetime, status, promotion_group, created_at, updated_at) VALUES ('48180cd4-294c-4e42-8170-bfb5a7ed7c99', 'Polaroid Pre-Designed — Buy 22 Get 7 Free', 'PURCHASE_COUNT', 'MULTIPLE_PRODUCT', NULL, 22, NULL, 'FREE_PRODUCT', 53, 7, NULL, '2026-07-15T18:30:00+00:00', '2026-07-19T18:29:59+00:00', 'ACTIVE', 'POLAROID_PREDESIGNED', NOW(), NOW()) ON CONFLICT (offer_id) DO UPDATE SET offer_name=EXCLUDED.offer_name, criteria_type=EXCLUDED.criteria_type, product_scope=EXCLUDED.product_scope, required_count=EXCLUDED.required_count, required_value=EXCLUDED.required_value, free_product_id=EXCLUDED.free_product_id, free_product_qty=EXCLUDED.free_product_qty, promotion_group=EXCLUDED.promotion_group, start_datetime=EXCLUDED.start_datetime, end_datetime=EXCLUDED.end_datetime, status=EXCLUDED.status;
DELETE FROM ecommerce.offer_qualifying_products WHERE offer_id = '48180cd4-294c-4e42-8170-bfb5a7ed7c99';
INSERT INTO ecommerce.offer_qualifying_products (id, offer_id, product_id) VALUES (gen_random_uuid(), '48180cd4-294c-4e42-8170-bfb5a7ed7c99', 50);
INSERT INTO ecommerce.offer_qualifying_products (id, offer_id, product_id) VALUES (gen_random_uuid(), '48180cd4-294c-4e42-8170-bfb5a7ed7c99', 51);
INSERT INTO ecommerce.offer_qualifying_products (id, offer_id, product_id) VALUES (gen_random_uuid(), '48180cd4-294c-4e42-8170-bfb5a7ed7c99', 52);
INSERT INTO ecommerce.offer_qualifying_products (id, offer_id, product_id) VALUES (gen_random_uuid(), '48180cd4-294c-4e42-8170-bfb5a7ed7c99', 53);
INSERT INTO ecommerce.offer_qualifying_products (id, offer_id, product_id) VALUES (gen_random_uuid(), '48180cd4-294c-4e42-8170-bfb5a7ed7c99', 54);
INSERT INTO ecommerce.offer_qualifying_products (id, offer_id, product_id) VALUES (gen_random_uuid(), '48180cd4-294c-4e42-8170-bfb5a7ed7c99', 55);
INSERT INTO ecommerce.offer_qualifying_products (id, offer_id, product_id) VALUES (gen_random_uuid(), '48180cd4-294c-4e42-8170-bfb5a7ed7c99', 56);
INSERT INTO ecommerce.offer_qualifying_products (id, offer_id, product_id) VALUES (gen_random_uuid(), '48180cd4-294c-4e42-8170-bfb5a7ed7c99', 57);
INSERT INTO ecommerce.offer_qualifying_products (id, offer_id, product_id) VALUES (gen_random_uuid(), '48180cd4-294c-4e42-8170-bfb5a7ed7c99', 58);
INSERT INTO ecommerce.offers (offer_id, offer_name, criteria_type, product_scope, product_id, required_count, required_value, reward_type, free_product_id, free_product_qty, discount_percentage, start_datetime, end_datetime, status, promotion_group, created_at, updated_at) VALUES ('fd44cab4-b6c5-4a2d-9e57-1bfb75a1bcb8', 'Polaroid Pre-Designed — Buy 33 Get 12 Free', 'PURCHASE_COUNT', 'MULTIPLE_PRODUCT', NULL, 33, NULL, 'FREE_PRODUCT', 53, 12, NULL, '2026-07-15T18:30:00+00:00', '2026-07-19T18:29:59+00:00', 'ACTIVE', 'POLAROID_PREDESIGNED', NOW(), NOW()) ON CONFLICT (offer_id) DO UPDATE SET offer_name=EXCLUDED.offer_name, criteria_type=EXCLUDED.criteria_type, product_scope=EXCLUDED.product_scope, required_count=EXCLUDED.required_count, required_value=EXCLUDED.required_value, free_product_id=EXCLUDED.free_product_id, free_product_qty=EXCLUDED.free_product_qty, promotion_group=EXCLUDED.promotion_group, start_datetime=EXCLUDED.start_datetime, end_datetime=EXCLUDED.end_datetime, status=EXCLUDED.status;
DELETE FROM ecommerce.offer_qualifying_products WHERE offer_id = 'fd44cab4-b6c5-4a2d-9e57-1bfb75a1bcb8';
INSERT INTO ecommerce.offer_qualifying_products (id, offer_id, product_id) VALUES (gen_random_uuid(), 'fd44cab4-b6c5-4a2d-9e57-1bfb75a1bcb8', 50);
INSERT INTO ecommerce.offer_qualifying_products (id, offer_id, product_id) VALUES (gen_random_uuid(), 'fd44cab4-b6c5-4a2d-9e57-1bfb75a1bcb8', 51);
INSERT INTO ecommerce.offer_qualifying_products (id, offer_id, product_id) VALUES (gen_random_uuid(), 'fd44cab4-b6c5-4a2d-9e57-1bfb75a1bcb8', 52);
INSERT INTO ecommerce.offer_qualifying_products (id, offer_id, product_id) VALUES (gen_random_uuid(), 'fd44cab4-b6c5-4a2d-9e57-1bfb75a1bcb8', 53);
INSERT INTO ecommerce.offer_qualifying_products (id, offer_id, product_id) VALUES (gen_random_uuid(), 'fd44cab4-b6c5-4a2d-9e57-1bfb75a1bcb8', 54);
INSERT INTO ecommerce.offer_qualifying_products (id, offer_id, product_id) VALUES (gen_random_uuid(), 'fd44cab4-b6c5-4a2d-9e57-1bfb75a1bcb8', 55);
INSERT INTO ecommerce.offer_qualifying_products (id, offer_id, product_id) VALUES (gen_random_uuid(), 'fd44cab4-b6c5-4a2d-9e57-1bfb75a1bcb8', 56);
INSERT INTO ecommerce.offer_qualifying_products (id, offer_id, product_id) VALUES (gen_random_uuid(), 'fd44cab4-b6c5-4a2d-9e57-1bfb75a1bcb8', 57);
INSERT INTO ecommerce.offer_qualifying_products (id, offer_id, product_id) VALUES (gen_random_uuid(), 'fd44cab4-b6c5-4a2d-9e57-1bfb75a1bcb8', 58);
INSERT INTO ecommerce.offers (offer_id, offer_name, criteria_type, product_scope, product_id, required_count, required_value, reward_type, free_product_id, free_product_qty, discount_percentage, start_datetime, end_datetime, status, promotion_group, created_at, updated_at) VALUES ('041cc0f4-0ce7-4884-856b-6f5649653b72', 'Polaroid Pre-Designed — Buy 40 Get 15 Free', 'PURCHASE_COUNT', 'MULTIPLE_PRODUCT', NULL, 40, NULL, 'FREE_PRODUCT', 53, 15, NULL, '2026-07-15T18:30:00+00:00', '2026-07-19T18:29:59+00:00', 'ACTIVE', 'POLAROID_PREDESIGNED', NOW(), NOW()) ON CONFLICT (offer_id) DO UPDATE SET offer_name=EXCLUDED.offer_name, criteria_type=EXCLUDED.criteria_type, product_scope=EXCLUDED.product_scope, required_count=EXCLUDED.required_count, required_value=EXCLUDED.required_value, free_product_id=EXCLUDED.free_product_id, free_product_qty=EXCLUDED.free_product_qty, promotion_group=EXCLUDED.promotion_group, start_datetime=EXCLUDED.start_datetime, end_datetime=EXCLUDED.end_datetime, status=EXCLUDED.status;
DELETE FROM ecommerce.offer_qualifying_products WHERE offer_id = '041cc0f4-0ce7-4884-856b-6f5649653b72';
INSERT INTO ecommerce.offer_qualifying_products (id, offer_id, product_id) VALUES (gen_random_uuid(), '041cc0f4-0ce7-4884-856b-6f5649653b72', 50);
INSERT INTO ecommerce.offer_qualifying_products (id, offer_id, product_id) VALUES (gen_random_uuid(), '041cc0f4-0ce7-4884-856b-6f5649653b72', 51);
INSERT INTO ecommerce.offer_qualifying_products (id, offer_id, product_id) VALUES (gen_random_uuid(), '041cc0f4-0ce7-4884-856b-6f5649653b72', 52);
INSERT INTO ecommerce.offer_qualifying_products (id, offer_id, product_id) VALUES (gen_random_uuid(), '041cc0f4-0ce7-4884-856b-6f5649653b72', 53);
INSERT INTO ecommerce.offer_qualifying_products (id, offer_id, product_id) VALUES (gen_random_uuid(), '041cc0f4-0ce7-4884-856b-6f5649653b72', 54);
INSERT INTO ecommerce.offer_qualifying_products (id, offer_id, product_id) VALUES (gen_random_uuid(), '041cc0f4-0ce7-4884-856b-6f5649653b72', 55);
INSERT INTO ecommerce.offer_qualifying_products (id, offer_id, product_id) VALUES (gen_random_uuid(), '041cc0f4-0ce7-4884-856b-6f5649653b72', 56);
INSERT INTO ecommerce.offer_qualifying_products (id, offer_id, product_id) VALUES (gen_random_uuid(), '041cc0f4-0ce7-4884-856b-6f5649653b72', 57);
INSERT INTO ecommerce.offer_qualifying_products (id, offer_id, product_id) VALUES (gen_random_uuid(), '041cc0f4-0ce7-4884-856b-6f5649653b72', 58);
INSERT INTO ecommerce.offers (offer_id, offer_name, criteria_type, product_scope, product_id, required_count, required_value, reward_type, free_product_id, free_product_qty, discount_percentage, start_datetime, end_datetime, status, promotion_group, created_at, updated_at) VALUES ('7a30340a-4ca9-4703-930d-cc08be51d109', 'Poster Combo — Buy 5 Get 1 Free', 'PURCHASE_COUNT', 'MULTIPLE_PRODUCT', NULL, 5, NULL, 'FREE_PRODUCT', 38, 1, NULL, '2026-07-15T18:30:00+00:00', '2026-07-19T18:29:59+00:00', 'ACTIVE', 'POSTER_COMBO', NOW(), NOW()) ON CONFLICT (offer_id) DO UPDATE SET offer_name=EXCLUDED.offer_name, criteria_type=EXCLUDED.criteria_type, product_scope=EXCLUDED.product_scope, required_count=EXCLUDED.required_count, required_value=EXCLUDED.required_value, free_product_id=EXCLUDED.free_product_id, free_product_qty=EXCLUDED.free_product_qty, promotion_group=EXCLUDED.promotion_group, start_datetime=EXCLUDED.start_datetime, end_datetime=EXCLUDED.end_datetime, status=EXCLUDED.status;
DELETE FROM ecommerce.offer_qualifying_products WHERE offer_id = '7a30340a-4ca9-4703-930d-cc08be51d109';
INSERT INTO ecommerce.offer_qualifying_products (id, offer_id, product_id) VALUES (gen_random_uuid(), '7a30340a-4ca9-4703-930d-cc08be51d109', 36);
INSERT INTO ecommerce.offer_qualifying_products (id, offer_id, product_id) VALUES (gen_random_uuid(), '7a30340a-4ca9-4703-930d-cc08be51d109', 37);
INSERT INTO ecommerce.offer_qualifying_products (id, offer_id, product_id) VALUES (gen_random_uuid(), '7a30340a-4ca9-4703-930d-cc08be51d109', 38);
INSERT INTO ecommerce.offer_qualifying_products (id, offer_id, product_id) VALUES (gen_random_uuid(), '7a30340a-4ca9-4703-930d-cc08be51d109', 39);
INSERT INTO ecommerce.offers (offer_id, offer_name, criteria_type, product_scope, product_id, required_count, required_value, reward_type, free_product_id, free_product_qty, discount_percentage, start_datetime, end_datetime, status, promotion_group, created_at, updated_at) VALUES ('aaefd39f-be96-4129-a7e3-c55dcfe485ad', 'Poster Combo — Buy 10 Get 2 Free', 'PURCHASE_COUNT', 'MULTIPLE_PRODUCT', NULL, 10, NULL, 'FREE_PRODUCT', 38, 2, NULL, '2026-07-15T18:30:00+00:00', '2026-07-19T18:29:59+00:00', 'ACTIVE', 'POSTER_COMBO', NOW(), NOW()) ON CONFLICT (offer_id) DO UPDATE SET offer_name=EXCLUDED.offer_name, criteria_type=EXCLUDED.criteria_type, product_scope=EXCLUDED.product_scope, required_count=EXCLUDED.required_count, required_value=EXCLUDED.required_value, free_product_id=EXCLUDED.free_product_id, free_product_qty=EXCLUDED.free_product_qty, promotion_group=EXCLUDED.promotion_group, start_datetime=EXCLUDED.start_datetime, end_datetime=EXCLUDED.end_datetime, status=EXCLUDED.status;
DELETE FROM ecommerce.offer_qualifying_products WHERE offer_id = 'aaefd39f-be96-4129-a7e3-c55dcfe485ad';
INSERT INTO ecommerce.offer_qualifying_products (id, offer_id, product_id) VALUES (gen_random_uuid(), 'aaefd39f-be96-4129-a7e3-c55dcfe485ad', 36);
INSERT INTO ecommerce.offer_qualifying_products (id, offer_id, product_id) VALUES (gen_random_uuid(), 'aaefd39f-be96-4129-a7e3-c55dcfe485ad', 37);
INSERT INTO ecommerce.offer_qualifying_products (id, offer_id, product_id) VALUES (gen_random_uuid(), 'aaefd39f-be96-4129-a7e3-c55dcfe485ad', 38);
INSERT INTO ecommerce.offer_qualifying_products (id, offer_id, product_id) VALUES (gen_random_uuid(), 'aaefd39f-be96-4129-a7e3-c55dcfe485ad', 39);
INSERT INTO ecommerce.offers (offer_id, offer_name, criteria_type, product_scope, product_id, required_count, required_value, reward_type, free_product_id, free_product_qty, discount_percentage, start_datetime, end_datetime, status, promotion_group, created_at, updated_at) VALUES ('dbd5ab4a-c282-4571-9edd-2c6d280536fb', 'Poster Combo — Buy 18 Get 4 Free', 'PURCHASE_COUNT', 'MULTIPLE_PRODUCT', NULL, 18, NULL, 'FREE_PRODUCT', 38, 4, NULL, '2026-07-15T18:30:00+00:00', '2026-07-19T18:29:59+00:00', 'ACTIVE', 'POSTER_COMBO', NOW(), NOW()) ON CONFLICT (offer_id) DO UPDATE SET offer_name=EXCLUDED.offer_name, criteria_type=EXCLUDED.criteria_type, product_scope=EXCLUDED.product_scope, required_count=EXCLUDED.required_count, required_value=EXCLUDED.required_value, free_product_id=EXCLUDED.free_product_id, free_product_qty=EXCLUDED.free_product_qty, promotion_group=EXCLUDED.promotion_group, start_datetime=EXCLUDED.start_datetime, end_datetime=EXCLUDED.end_datetime, status=EXCLUDED.status;
DELETE FROM ecommerce.offer_qualifying_products WHERE offer_id = 'dbd5ab4a-c282-4571-9edd-2c6d280536fb';
INSERT INTO ecommerce.offer_qualifying_products (id, offer_id, product_id) VALUES (gen_random_uuid(), 'dbd5ab4a-c282-4571-9edd-2c6d280536fb', 36);
INSERT INTO ecommerce.offer_qualifying_products (id, offer_id, product_id) VALUES (gen_random_uuid(), 'dbd5ab4a-c282-4571-9edd-2c6d280536fb', 37);
INSERT INTO ecommerce.offer_qualifying_products (id, offer_id, product_id) VALUES (gen_random_uuid(), 'dbd5ab4a-c282-4571-9edd-2c6d280536fb', 38);
INSERT INTO ecommerce.offer_qualifying_products (id, offer_id, product_id) VALUES (gen_random_uuid(), 'dbd5ab4a-c282-4571-9edd-2c6d280536fb', 39);
INSERT INTO ecommerce.offers (offer_id, offer_name, criteria_type, product_scope, product_id, required_count, required_value, reward_type, free_product_id, free_product_qty, discount_percentage, start_datetime, end_datetime, status, promotion_group, created_at, updated_at) VALUES ('c817eebd-725a-4fa1-9dda-3013ee4a63ff', 'Poster Combo — Buy 23 Get 5 Free', 'PURCHASE_COUNT', 'MULTIPLE_PRODUCT', NULL, 23, NULL, 'FREE_PRODUCT', 38, 5, NULL, '2026-07-15T18:30:00+00:00', '2026-07-19T18:29:59+00:00', 'ACTIVE', 'POSTER_COMBO', NOW(), NOW()) ON CONFLICT (offer_id) DO UPDATE SET offer_name=EXCLUDED.offer_name, criteria_type=EXCLUDED.criteria_type, product_scope=EXCLUDED.product_scope, required_count=EXCLUDED.required_count, required_value=EXCLUDED.required_value, free_product_id=EXCLUDED.free_product_id, free_product_qty=EXCLUDED.free_product_qty, promotion_group=EXCLUDED.promotion_group, start_datetime=EXCLUDED.start_datetime, end_datetime=EXCLUDED.end_datetime, status=EXCLUDED.status;
DELETE FROM ecommerce.offer_qualifying_products WHERE offer_id = 'c817eebd-725a-4fa1-9dda-3013ee4a63ff';
INSERT INTO ecommerce.offer_qualifying_products (id, offer_id, product_id) VALUES (gen_random_uuid(), 'c817eebd-725a-4fa1-9dda-3013ee4a63ff', 36);
INSERT INTO ecommerce.offer_qualifying_products (id, offer_id, product_id) VALUES (gen_random_uuid(), 'c817eebd-725a-4fa1-9dda-3013ee4a63ff', 37);
INSERT INTO ecommerce.offer_qualifying_products (id, offer_id, product_id) VALUES (gen_random_uuid(), 'c817eebd-725a-4fa1-9dda-3013ee4a63ff', 38);
INSERT INTO ecommerce.offer_qualifying_products (id, offer_id, product_id) VALUES (gen_random_uuid(), 'c817eebd-725a-4fa1-9dda-3013ee4a63ff', 39);
INSERT INTO ecommerce.offers (offer_id, offer_name, criteria_type, product_scope, product_id, required_count, required_value, reward_type, free_product_id, free_product_qty, discount_percentage, start_datetime, end_datetime, status, promotion_group, created_at, updated_at) VALUES ('69498e2e-05d7-4c5d-953f-9abb7b36eeff', 'Poster Combo — Buy 30 Get 7 Free', 'PURCHASE_COUNT', 'MULTIPLE_PRODUCT', NULL, 30, NULL, 'FREE_PRODUCT', 38, 7, NULL, '2026-07-15T18:30:00+00:00', '2026-07-19T18:29:59+00:00', 'ACTIVE', 'POSTER_COMBO', NOW(), NOW()) ON CONFLICT (offer_id) DO UPDATE SET offer_name=EXCLUDED.offer_name, criteria_type=EXCLUDED.criteria_type, product_scope=EXCLUDED.product_scope, required_count=EXCLUDED.required_count, required_value=EXCLUDED.required_value, free_product_id=EXCLUDED.free_product_id, free_product_qty=EXCLUDED.free_product_qty, promotion_group=EXCLUDED.promotion_group, start_datetime=EXCLUDED.start_datetime, end_datetime=EXCLUDED.end_datetime, status=EXCLUDED.status;
DELETE FROM ecommerce.offer_qualifying_products WHERE offer_id = '69498e2e-05d7-4c5d-953f-9abb7b36eeff';
INSERT INTO ecommerce.offer_qualifying_products (id, offer_id, product_id) VALUES (gen_random_uuid(), '69498e2e-05d7-4c5d-953f-9abb7b36eeff', 36);
INSERT INTO ecommerce.offer_qualifying_products (id, offer_id, product_id) VALUES (gen_random_uuid(), '69498e2e-05d7-4c5d-953f-9abb7b36eeff', 37);
INSERT INTO ecommerce.offer_qualifying_products (id, offer_id, product_id) VALUES (gen_random_uuid(), '69498e2e-05d7-4c5d-953f-9abb7b36eeff', 38);
INSERT INTO ecommerce.offer_qualifying_products (id, offer_id, product_id) VALUES (gen_random_uuid(), '69498e2e-05d7-4c5d-953f-9abb7b36eeff', 39);

-- ─── Done ───────────────────────────────────────────────────────────
-- Products inserted: 94
-- Offers inserted: 29